105.58246108044445,3.9663089217371663,15.817150929388369,0.3701905723039124,-21.97538794870157,-5.599897862773138,9.375405823939262,5.295916207582751,11.649203336361586,2.287343256595453,-7.843738029224942,5.502784837884835,-0.3252057232983356,-2.530188516288026,-3.4003729323960656,-3.09291098847361,1.1613223128510637,0.9524208869300524,-2.925212683712086,-3.478861116804413,-0.0024050852114359,-7.67304565236849e-05,7.878750919364248e-05,0.0006422588781677,-0.0003352544186615,1.119692646760853,-0.8074553614894036,-0.5466945630208584,-0.4773684067042133,0.3967774420743752,-0.2314869696093588,-0.0104873792719543,-0.327032412029361,-0.1996110105900537,-0.177203300301323,-0.1859741821157468,0.0774308868767881,0.1281880127979811,-0.2129585554913343,-0.169479950004372,0.0212323911358565,-0.1986657601721229,0.0863993149808881,-0.1024333707727121,0.1127220206572246,0.0993996701858152,-0.2100640386418732,-0.183946622476703,0.1157772481912713,0.0460165655397012
-22.53755323923286,9.31427684805803,0.6647573258010369,-2.224397265409663,1.2863130176465245,-0.3122979057601175,0.4723409651121787,1.0734454524058212,0.7333140502695111,-0.2517293345266781,0.7443892273343768,0.7007603629638823,-1.1163473565312003,0.7697748430498788,2.5299911726268687,-0.2723862106037714,0.8422224905701426,1.0835015680190738,1.367658757817294,-0.1415204172394258,-0.0021226932087065,-0.0015812339973546,-0.0013323159556878,0.0002414749601043,-0.0008293773571859,2.0597400643845587,0.8466268800303929,-0.1843183187889506,-0.0973392796291755,-0.6017813050453492,-0.6890271924917514,0.0383487770707248,0.1104167637426101,0.4342710702138154,0.4752937675316451,-0.5691796915972727,-0.1802195932711385,0.4364524319918169,-0.2823066088217315,0.8289899079303643,0.1838817247374734,0.2020256542895445,-0.1569987933882658,-0.4336993181531004,-0.5179119551651536,-0.1574750329831195,0.2622235098684236,0.9051899697415724,-0.1080224388409339,0.5667591243031904
2.485369437938097,-3.012356260540789,-0.1146492684498632,-0.5870544908637212,0.879653498692162,0.3458824368562747,0.9973548489146548,0.7748839459632939,0.646925616276445,-4.726996211195903,0.1462598414211057,4.567560994073296,-3.891700441422944,2.811910306269205,-4.012056123690107,3.3093247781004984,-2.384373741192574,2.1479167811488407,-0.6758280833165661,2.0790472229342485,-0.0004683141095026,-0.0006285660713369,-0.0005455180439575,0.0003757111554959,-0.0006653208569718,1.133689133739974,-0.2621145676627885,-0.3917005120134838,0.2408060974547751,0.0937985777023232,-0.2611412712379991,-0.5050077995227847,-0.4454960366689685,0.2933591113160273,0.2313893682179341,-0.2284287819894015,-0.0081922598608675,0.3975912143067116,0.1283287745224151,0.1861505049453968,-0.0528052820198502,0.1227434021767524,0.105777451335482,0.1232306609826751,-0.174901433880587,0.015795517922914,-0.0787471872288838,0.4966989993418782,0.3679069744963962,-0.3254959365691984
-14.097094283151696,3.2954616213062824,2.936884926587002,-3.96060622204961,-2.778297549951499,-0.9748375788589236,2.64208610848327,5.4279232476447445,0.0422458174850593,-1.0309917090569434,1.6105920619905778,0.1756650545644786,2.956410585804241,-2.2194494186132903,2.7573741361035795,-0.0087865299534863,-1.138200151006148,-4.038696584612893,-1.363065597533919,0.6625135976032647,0.0032884122550523,-0.0019963948650972,-0.0016018859638984,-5.494715280210274e-06,-6.716111014874244e-05,-1.1524421018832782,0.0599671140210395,-0.4165478123404886,-0.4424277316414489,0.5336038745426507,0.1161069977550477,-0.5017796257117254,0.1725661620496832,0.0936481238265619,-0.1819889023194552,0.2331450169024033,0.2618151458940809,0.091404678232228,0.1903800669662725,0.1757609678035026,0.2241308915832521,-0.0606519556458977,-0.2325815517642893,-0.0839842491363723,0.2502422545921607,0.255378242425279,-0.1429295345798119,0.0617563009941915,0.1916416581361735,0.0974952040188445
-14.04711578210898,3.411063413752078,3.4020301844501124,-3.5585223593849755,-3.0320255284448407,-0.0772616696307405,2.9198379350654484,5.060830695597896,-0.3695495153961546,-1.5121570401570077,0.828009876645947,0.6734935765260596,3.9336688071887873,-2.3935102380943167,2.899601190699115,-0.4898583329232173,-1.340521154706438,-3.6917730451719897,-2.2234960010846803,0.479033226523462,0.0035052980044333,-0.0025020913348525,-0.0008979349838601,-0.0004977461366988,0.0004952245998468,-0.584033600440382,-0.1215845370131298,-0.4478988026298465,-0.5374290520040166,0.7562378882607871,0.1986672133904057,-0.3662853387021201,0.0168761852840437,0.0091009442182587,-0.372234287502159,0.3629060108051491,0.3034551497043454,0.031329751408569,0.3568403009655335,0.0589757430763742,0.2265661118901923,-0.211773570642498,-0.4262879447882603,-0.1737795483646163,0.2945108246905755,0.3738937115514128,-0.0542608257406077,0.0302943555649003,0.0872127515760999,-0.0038719310124383
-36.45318118907287,3.994311772086162,0.335181695938291,-0.4114003115935969,-0.7150483754561341,-0.4838691058414954,2.552530051636857,0.3678502933302964,1.815951737942013,-0.7959946275703362,1.3631085720721747,-0.041982487438387,0.1521336653213405,0.2198652583573108,0.2374432317754516,-0.3162268885456202,-0.2470405961424991,-0.5409747908997369,-0.3156305925620378,-0.5538123273743386,-0.001364691962247,-0.003102816486669,0.000789709112263,0.0001701290966528,1.325459273666116e-05,-0.7673454052124994,0.333989859850524,-0.5445211244044291,-0.9828040869952386,0.2489235183233357,-0.335005880075817,-0.4090819956037452,0.0517506230579127,0.2862126800459073,0.0905021266894164,-0.4166372454147465,0.153441957918799,-0.1771271373657605,0.1699381051338002,0.1369853306335029,0.2097295160218443,0.2571392752251981,-0.0268188546357158,-0.1162195287176819,-0.4036199981315405,-0.1518020232383224,-0.0965062231051967,-0.0271742581013785,0.0480807454542898,-0.1783041805749667
16.388627390529532,-17.896397170596178,-21.163140884223257,-3.3789557754470883,-5.662429220104003,5.18033307784765,-0.732479669759178,-5.898351514359277,2.691392877433046,2.094901729055104,-2.6207493231142767,-5.5060147919245095,-2.6590641127549635,-0.8772567186511827,4.386672363323822,-0.4859831698434865,-2.1006977003237237,0.0834019112373671,-2.785703380531415,0.6542356885266107,0.0037460090544296,-9.1624123235866e-05,7.10836674386566e-05,-0.000243908448425,-0.0001648506749948,-1.2589732151505966,-0.0116027716881387,-0.5710615027675711,0.560676245058652,-0.1615822299675715,-0.1525996777128198,-0.0234578656682357,-0.1955525718990623,0.0346170328239684,0.1441731190909123,0.1397182706882541,-0.1859688541406126,-0.1919223322490923,-0.2188702761576759,0.0149365721937429,-0.0173668995591972,0.1795899767204192,-0.1001743309771925,0.0885637752185815,-0.1990944482185794,0.1050058493624304,0.0546946961349583,0.2289191611569921,0.0396956136155976,-0.0225172768879248
-9.84194950882887,0.0894566904834286,-5.672353853229436,-2.187063912728034,-0.2558275943792069,2.1006010576873217,-0.2168696060222546,1.2970077242731657,-2.116487180633273,0.5800926689642484,-0.8973859241188763,0.3957601060271567,-1.5954402826575549,-1.2827006299886934,1.279240979226567,-1.6907575418154015,1.3349373547492764,1.3938879252781768,1.0868305773008338,1.0502331104312703,0.0007623276946844,-0.0013567192753706,-0.0001037831701621,0.0003728759073028,0.0005415240710775,0.2626356783282372,0.0074108587411221,-0.3078695388305058,0.9228568374877678,-0.0637987702215158,-0.0502378089864408,-0.2941121885903257,-0.1239474819430601,0.180365869468194,0.1188764730318542,-0.1942186217611268,0.0015006327111434,0.0052435297215791,-0.6035265373124475,-0.074538530577748,-0.1392294606597058,-0.0289056201124396,-0.1574908742786407,0.0722808010393879,-0.0169665987422954,-0.0114792838239198,0.0845192013288735,0.0987655517774328,0.2633926347607119,0.1364892160075009
-33.87697534550548,0.8480203795020037,-0.1946838463332951,1.2300922144728872,0.8108624820087487,1.1732000500211963,-0.2969392793474373,-1.6311793490880164,-0.1497999653071062,-1.9390983731184968,0.0461403882786229,-0.1533990885252961,-1.0742763261286965,0.372167645270402,0.0974176841626732,0.6106738333486513,0.3309305998209427,-0.1435697334031672,0.5114828245985027,-0.1138799135209792,-0.0029253594895103,-0.0016215916781911,0.0021626156186435,-0.0003865568084386,0.0005779877692175,-0.0049186009955192,0.2729219227463144,0.0308740365381932,-0.3828771524678004,-0.6141078991374789,0.0088546191871298,-0.6027270272076396,0.6498313608064552,-0.1413811246824655,0.4165123796000347,0.6117459164943269,0.103853916841341,0.3435017630584297,0.5981674986822592,0.0831642526908207,-0.4258519132771848,0.2958589474501145,-0.1940192432488219,0.1917470167953888,-0.397324816499527,0.2887255507862521,-0.303012330010641,-0.3459263133804655,0.3219972574068778,-0.3862929361736638
-27.22664682976274,3.523513840142593,-0.8851575504017043,-1.5032225667643715,-0.1325981610502648,1.130749895895817,-1.567127135307645,-0.8578409835652008,0.7086503552144778,2.2689359775182463,-0.1447930493015328,-2.5469776505857715,1.1680576175445336,-2.2093542154506123,-0.1184326440646892,1.3134042089381808,1.2020327764808183,0.2345789547008865,0.3309803498284396,0.6944494241378493,-0.0013494984348306,0.0006394909616279,-0.0001295210757135,-8.047867036376882e-05,-0.0005008676629785,-0.1446615559121906,0.2378449237177776,0.0820946875113703,-0.2171922521099954,-0.0664438489104572,0.3107521463290096,-0.3591747807436639,0.3312462400448395,0.1583457922128641,0.2720209764289623,-0.0168821117736549,0.339123245685247,-0.1348686589429017,-0.2778287084519805,-0.1593013286839025,0.4046151877010224,0.1237141188599427,-0.0507327075861293,0.2182072623926002,-0.0117818592224951,0.1429823968482717,-0.1391492270774068,0.2445510264599418,-0.1827142505323065,-0.2451067634309182
-24.635987596763247,-0.3095994814338498,3.101469429676246,1.3960336503580228,-0.3803164767263465,-1.7030104157955348,0.1114708252040697,0.8543830029171,1.6748207564240094,-2.397508982046108,-0.2952801991658955,-0.5939791039849311,0.7258997428858152,0.0402342941300391,0.4238792891483128,-1.1153391341636596,0.923097984586626,1.355935379289604,0.1137535832395665,0.2627516843334315,-0.0028141832570038,0.0001203705186315,0.0017924310752456,-0.0001692228219464,-0.0017217310890411,-0.2637874748353554,-0.1190759876160951,0.4941907224577791,-0.1256772111842686,0.2150292179784315,-0.4128249847069037,0.174266779360281,0.0311378776068246,0.149394051251378,0.0506477636589152,-0.4132948884816815,-0.1259650338252438,-0.1843792010099381,-0.2257868135154769,0.0222589658091834,0.2006880898309135,-0.2697662260213097,0.0206481081268315,0.2562995553312281,0.0062617481570202,-0.3540475686555724,-0.0177754582464424,0.2532904884298045,0.0213980922857564,-0.2535479314163472
116.82828057317565,-42.503405938674256,13.561032641101232,-16.932052994005655,19.979248947818324,-34.749531139322485,-3.662210984817691,8.684854166268217,-6.8689754846494,2.625784296665429,6.557804899148449,-9.667270651773256,5.254124393887634,-0.17627369596609,0.1499250749960976,-0.2733012496870886,-1.53280737143924,5.599348094895329,2.137018078969384,-1.3529141936530402,0.0005024545996552,0.0005227121052416,0.0009034763244144,-0.0009528349981093,0.0002606427942126,0.0623556460570172,-0.6485093065712453,0.9730417899563673,0.1715319640859441,-0.2445098684525155,0.1783780404038724,-0.1531785679989034,0.325963895872325,-0.279157949739908,0.0538878145091435,-0.1906167016647575,0.0951172726784603,0.0215218440435312,0.1570650618117675,-0.329611244293964,0.080456710925695,0.0348090265121568,0.0961880207956722,-0.0900918916254308,-0.3158479402948045,-0.0609950420623151,-0.0726792624233685,-0.2138033466696885,-0.0813217850729509,0.0097241440609453
-22.705104257945838,1.2895047434467597,-5.667591609003986,2.636970608426456,0.1987580837415278,1.4167793567322025,0.5732401407045783,0.6998419567842099,-2.895738023195916,-1.0139036494373252,2.350009264436886,-0.0071425087450993,1.0168096752671476,-1.3965350559682412,0.5437813649864949,-1.0823801499364956,-0.6072598708685647,-1.275774139868537,-0.0557651598794193,0.4398630669968273,0.003209521452219,0.0012382811151837,0.0006937670581756,-8.237285258544273e-05,5.749627831325338e-05,-0.9616669010599804,0.1732910553959278,-0.308494708332158,0.2841234837668658,0.0223680148880883,0.3315881581568345,-0.0694979380473913,-0.3985896020669149,0.1106482120472914,-0.5108602133008341,0.0467802940836577,0.1364301972763233,-0.3311588545913217,0.2488188247676184,-0.1087914563072874,-0.1082087882876747,-0.005140845354573,0.2088990112855188,-0.057032162578378,-0.0213161837163095,0.0458383987990199,-0.2698826094857811,0.0379026720388291,0.2104375602242215,0.2064633495806411
-33.38396415790841,-0.1829669938119344,0.1268423530448863,1.1923035408235052,1.2144364898436897,-1.076790769016122,0.4191336620852127,-0.7156974567359181,1.4007024764190528,-0.5014950369689561,0.8301013191264744,0.9332216389153538,-0.3491588735122947,1.9047498979225304,0.3504532524116722,-1.3104144422178208,0.4942989819948546,-0.0807698520953535,0.4295075656948156,0.4653764342735357,-0.0042116860128481,0.0006160120076316,0.0005142862197948,-0.0002919140611104,0.0004466933348575,-0.8336239350407303,-0.1041509113403012,-0.0081994245815193,-0.534042736694517,-0.612857571955367,0.2518913269851476,0.63391540721971,-0.2739860541056743,-0.0818290789210295,0.182433980585863,-0.0809476173986269,0.306638634475701,-0.1982993689249639,0.3603869188103811,-0.3302400562542653,0.224358693783433,0.248032278815703,-0.0386384736083823,0.1343181474196323,0.0083837679544904,-0.1725261451875331,-0.1734501606376904,0.2170567768648408,0.0918817553214569,-0.129484880708163
-18.04119364617884,5.224572562662819,0.6013374748214874,-3.641459446740892,0.6516162480643357,1.648012738307108,-2.2214351554788565,0.2410750077221539,4.024861723416327,-1.1731299999368991,0.0827614315813325,1.4198677684064205,-0.2268750428109632,-2.0376209228125264,0.110150232041042,-0.8355764274028332,2.5093207113392,0.5927469067228182,-0.5088113605066578,-0.2675470199279013,-0.0003774413795537,-0.0014868888792013,0.000924947900226,-0.0005284053961791,-0.0011078306257739,0.4824387987820118,0.4920193560455984,-0.6313359412637075,-0.2535910189036457,-0.3585778975470774,-0.2096026832469054,0.1789042545894124,0.3630700873799932,0.0228180731992406,0.0362629043485693,0.2077838436325164,-0.1142009370018572,0.4693779603753956,-0.0854497480639771,0.013290020005516,0.006215131170875,0.0672009042987429,0.3275649211990233,-0.1870606521202242,0.0691026396806967,0.0596967102618863,-0.3805415912120974,0.181798434555305,0.0091746190834615,0.1206075011634104
14.31755426291062,4.653561191503303,-2.933586323831191,0.1297949199270607,0.0276705481595026,7.033144677622496,-4.503778360229783,-3.0933606057946363,-3.488381092088592,-1.2784471535743935,1.1370960439678266,1.4010130185188876,1.836458733936534,-1.729201355972568,0.8522696953974312,1.99241027933058,0.809161322769988,1.3727380421555304,-0.596729696247591,-0.2415893155704401,0.0005752465518821,0.0001218083477734,-0.0008760622385744,-0.0003460006264285,-0.0004722931766418,1.7486827017048503,0.3086923249944502,-0.1545157590695436,0.7972631052599629,-0.1753871459076013,0.1026697686130796,-0.0129081280066456,0.5005525518544818,0.5137465180970056,-0.2929751262103051,-0.0093540488442054,-0.7074235847149071,-0.0607823998670197,-0.2699980208493116,0.0127237043178979,-0.1603255834064199,0.1355975544718674,0.320936563656286,-0.0672257197419422,-0.2210029007158346,-0.0458718646283952,-0.0582671509508925,-0.098090097212066,0.2019734937440628,0.048207967230977
-6.461712333927602,4.9158704573363465,1.3662744818200443,1.0394600410728634,-0.7787298824092255,-2.023705552991,-0.368910764322983,1.627331356998715,0.4677970813369617,3.4514223087408027,1.0624312605831332,-2.263589653720356,-0.9740793044368644,-1.835135943036693,-1.9983136557803145,1.7780358692328264,-0.1554089303886126,1.2435609664263916,0.8601133609036934,1.6615229164336107,-0.0015606736668045,-0.0010979629835095,-0.0013876793611324,0.0002493928086647,0.0002331559273314,1.0725816127935457,-0.50097493379635,0.4881932357522627,-0.1680102692913562,0.0143882332995311,0.0718851018365372,0.1892346157766469,-0.2869908278855388,0.142009818462185,0.030386465728518,-0.2492166280446268,0.2575154426443494,0.2843136278110526,-0.0496286144671769,-0.1107222748313459,0.2855789174224401,-0.0245009230088228,-0.3198407769804328,-0.2540674443629771,-0.0341327141269614,-0.0899807027898849,0.0244312537719196,-0.2419095233096052,0.0813939889390038,-0.0624262143077496
-23.852639184514928,-1.32515805511015,1.2113729729736078,-2.3251579550764103,0.9395141158323332,-0.6734833169381803,0.8321116965268806,1.432550547892176,-2.1022813722803746,-0.8677641970572086,0.412780908157103,0.447664920935695,0.0899545044861138,-0.1674877590318956,-0.0920723481546598,0.0806316488842882,1.443352850513085,1.632309477650776,0.1502819055971492,0.2828635652455147,0.0003829496968389,0.0001925736060364,-0.0007989381897861,0.0007916617137869,-6.999211392092177e-05,1.0602344964569168,-1.033391058672671,0.3974703376226033,0.7342964541437887,-0.0480966249866052,0.1928545072270628,-0.216108417555063,0.1317098536695387,-0.1716576500318631,-0.4142142098957797,-0.0993599273072503,-0.1320376922528821,0.1722772769392093,-0.1263332013684738,0.4992049987905542,0.1136419795463898,0.1299696525205503,-0.4245375904410082,0.121074629636556,-0.1748589011732881,-0.0977796146211413,0.2274905312450043,-0.6090541171019407,0.4826168475486443,-0.547173532867833
-31.706942535784265,5.732708392054796,-0.0535491913459015,7.295600821653699,-1.2992792928729264,0.6316307331788039,-1.807798466267589,2.847126445661479,-2.1423523521176744,-0.5933225679018228,0.6157066929119692,-1.0595937698096336,0.0163926796473389,1.026130884654975,0.979179031826684,0.706869275154367,0.4889423054630237,-0.0620956129470638,0.3822249702780673,1.2273749488815549,-0.005403183533213,0.0030614098701372,0.000735407412914,0.001929746999175,0.0025873064475387,-0.2943168349094832,0.697937370415814,1.1822017838836598,0.0735114758799208,0.3823433110713531,0.3836187522840626,0.3286105710908918,-0.2434750120748288,-0.033834167521078,0.205912712921949,-0.0434154110129078,0.2088964424561451,-0.0665689648404804,0.3145668208403508,0.0160961099953067,0.4333489938270928,-0.5044628848851008,-0.3767475523013232,0.3215309540975524,-0.270837080665518,0.1187962452426935,0.1821136048225824,0.4629232566370505,-0.0213211681083972,-0.1669800097293764
-38.63250563830384,4.716770028976395,-0.6976028150489135,-0.7983691116221647,0.0149495789087204,2.318298136661159,0.8391600537318884,0.1233438481238841,-0.315825355863326,0.4957795296473861,-0.4230433422561661,0.7327194740535037,1.9902121763354983,0.1471627820064544,-0.3066095363535623,-0.0227114898123045,-1.5134280903615216,0.7439136065418155,-0.2441363501882636,-0.6219312045872479,-0.0001020167326629,-0.0016723353138498,-0.0004812262748411,0.0004954695099669,0.0017277399505525,-0.7506787049448391,0.851141160946305,-0.5518516130337832,0.5404985555601797,0.4280109874027797,-0.0564820759687055,0.0336223753502742,0.0195204588569986,-0.2835788298380302,0.0014989485503298,-0.2080000588986215,-0.2729945569689989,0.3477304992822,-0.3030577360047232,-0.454744799051704,-0.4266948944623238,0.1530894833718749,-0.2099686794064823,0.508003340384532,-0.4873506771770577,-0.222282357092539,0.1257941613463115,-0.1329383926057718,-0.1774184868813078,0.5338640556721129
251.42336202539,32.25650044870832,10.674129127518984,-41.67945962878749,-16.587711125995746,-20.586595445853444,21.25195571431555,-12.998630401707164,3.491640286276354,9.153241632872962,-15.378763128238884,10.152294158919632,-6.098274007722867,3.611053550790039,-13.678332499073932,2.4851306646460003,-8.485390920195961,-5.660738092438672,3.955177870484524,-5.320955974766141,-0.0042150691080444,0.0004495354744188,0.0010276540746062,-0.0004730783825303,-0.000777972477178,1.5496528886437555,-0.2665702376378971,-0.8621002096199143,-0.2014643201457789,-0.0174435118150645,-0.3597943149029998,-0.2632236912485494,0.2410448689266026,-0.3745971469178153,0.1680371168083525,-0.0847875061532041,-0.1406918627902231,0.0231176917366343,-0.1017163386314533,-0.3137586649674486,-0.0792555503564651,0.0477319164651966,0.0480160041622611,0.0012123419488679,-0.2300487183180384,-0.0866934300842943,-0.1096533706111135,0.2006009796694132,0.0260201153808572,-0.0357448036502412
-24.278709557743227,-2.9040106324099626,-4.700762034339783,1.1342482671644545,-0.3739722817604038,2.454022656630001,-1.1882187483446327,-0.9387833298613296,3.1906675410749625,-0.5864359385486961,1.4730121214859346,1.0178451883118265,0.5014403306596095,0.1505636727126411,0.0760184797108201,0.6766569664088338,-0.0866812402298129,0.7544118480797212,-0.3769408844339068,0.1053565307022242,0.0013785602132267,1.1079074266685214e-05,-5.646600275507439e-05,-0.0008075823061294,-0.0005457450499804,0.2179556092348801,-0.0452526506408278,-0.4459495074042346,-0.1709897019981035,-0.2643522161939781,0.1288695675982513,0.2940923973696895,-0.1263756754940659,-0.0950131955585525,-0.0945838022785481,0.3184320086220645,0.2228592207712711,0.0434024854676392,-0.4175147471891081,-0.2167553211165308,-0.2641856369163254,-0.1023494251829305,0.1914062485470654,-0.2975253168418735,-0.0390056134133031,-0.0022584615623836,-0.1496661188815112,-0.0352081112601425,0.0029406542444762,-0.3172964161492541
-44.79186213212636,3.826448407062572,-1.0938082503394693,-1.3228240918356111,0.7318713110850138,0.6978696459227849,0.7961358583301111,0.2350182350268395,-0.1514971067907717,0.8067007396660172,0.8132334976224452,-0.149611916026118,0.6429318185996944,0.3168385413651722,0.4604816799160844,-0.6069247049108548,-0.6420385164732997,-0.0326274847293431,-0.4208671846601098,-0.0682331879888988,-0.0034365995738542,0.0025106118762336,0.004065069284843,0.0011241016328924,0.003632609901834,-1.1450113796146488,0.8422495053113153,0.0165960995350932,-0.31650006010001,0.4583158073932292,-0.4877028250576676,-0.1872722108747138,0.1267381255661093,0.3914391100189772,0.3423684261225771,0.2525474046955137,-0.8268930624917955,-0.2783795764018021,-0.3160426200768569,-0.4618985386364104,0.6297467001060049,-0.014765210433603,0.1504818874910703,-0.099737256454438,0.2510187756239246,0.2212563749254816,-0.333974589274775,-0.5850125666990091,-0.2615024063288289,-0.551282601554973
-3.327000148691468,-3.1832504428738986,3.915792080023486,3.5179868033665644,0.7376639332106638,-5.4114538541417145,-1.396325350152912,3.278004837525722,-2.895632833961049,1.9693142645738224,-3.8803233642444304,-1.7698272767106138,2.583495121838912,0.8726472105831119,-1.5322466392751082,1.7268746532745498,-0.2946636589910352,0.0693637914080923,0.6445438834207341,1.8909754046924736,-0.0013539457667405,-0.0002071630259917,-0.0017184827577756,0.0003340500896951,-0.0003857347497269,0.581192164810322,-0.4846005063024239,1.1490364226637046,0.0403953151527837,0.2620548890821575,0.1815944984891822,-0.4569523744984949,-0.117473245282588,-0.1012933582114566,0.1347844952955094,-0.0411695805858403,-0.0254847712555753,-0.0858371001595139,0.3054001586401711,-0.0678969271116117,0.1282340418297149,-0.3856429740804352,-0.1733370957812988,-0.1597985051935052,-0.0247309805386717,0.5315894189904641,0.3024160991786769,-0.6281160515689911,-0.0450524793344749,-0.2940929824865508
-3.7680000587331786,12.56838292986154,-0.0725577268597073,-5.082214404006583,12.355409756996435,-3.19503553873023,-0.6871469686680544,0.0522514240394925,2.302385543187894,-0.2466662466134313,2.598007104129029,2.6995285879835325,0.3992232099811886,-1.0494241325368534,-1.2724170542868865,-0.6054250932439726,0.8473647468066301,0.7695435642586927,0.8391780864063065,-1.1620950027284584,0.0007000152933331,0.0010145854824929,-0.0004359027841007,0.0003599896592468,0.0005766289530172,0.446084152713086,1.22371455699,-0.1179837534378348,-0.0645254019357366,-0.5418060655648326,0.1455075552062822,-0.0094116417694761,0.0222454100900471,0.223143081491474,-0.5687331185471824,-0.0758996014034054,-0.0421146331936809,-0.2260884718862517,0.3046138816883229,-0.0264665293698051,-0.282759721915274,0.0146210257181386,0.1973614302463405,0.1543113501411631,0.1453858905291308,0.1743962071411657,-0.0066047928693339,-0.287894037889893,0.0702669907276671,-0.0051575921494481
-24.866514604131343,3.456602788498616,-0.0638493993128656,2.772540486332783,-0.6178894148607046,0.8056066043764679,-0.7520666923450089,-0.8788674187709251,-6.030776417733239,-1.5845268816105418,-1.5303297228723067,1.5681341806509486,0.2361466758756321,-0.0421289087704904,0.6471584413157908,-0.2130705356329409,-0.2285458552786174,0.206271769565544,1.2058081407437895,-0.6458187083205784,-0.0021469655541199,-0.0008345245089501,0.0032955889745244,-0.0008578108040926,0.0001511424566065,-0.3861508668602099,0.2885052761603814,0.6170837017956459,0.9059193193258902,-0.0667494276601242,-0.1506222098002292,0.091252936820113,-0.0522554071365557,-0.2236081404525537,-0.0372817066589435,-0.3250153088734252,-0.3160854067756061,0.2506820271589601,-0.329515168972926,-0.3565877618389813,0.0017453341173238,0.0264962083041724,-0.1587935155041038,0.1635731351473112,0.0365018335638473,0.0529121026046852,-0.2220946063179364,0.4060874883577691,0.0697176845983995,-0.087039746859409
-30.894983396635617,11.585035022511894,-2.176023860295562,3.3651996065858474,5.269303019372118,-0.2916679632531632,-2.913125360712033,0.8449590256924433,0.1363342009116354,3.36983465677593,0.5043873152837484,0.9693573672860653,1.9992512414279893,-1.6154702535619858,0.6409955724311545,-0.8098905631855966,-0.1852042192961401,-0.3506921692818781,1.1974378426054002,-0.4947938900574041,-0.0025495850519739,-0.0053866225932245,0.0132603325751752,-0.0069403762444544,0.003874789124541,-0.8570224693560817,2.1854207329884106,0.6850801258421328,-0.0453076229115769,-0.1054415986305453,0.6535229325116431,0.2541287385857327,0.3549141698593476,-0.3874845356847864,-0.395866963114521,-0.1585376670954806,-0.18835821285673,-0.1231451011904337,0.2447212058063592,-0.4580832475993916,0.2589989904191351,0.0413813034663472,-0.0275380340113622,0.299596744565742,0.07435988795925,-0.215349977932188,0.0177372855832159,-0.0353534406339443,-0.2552457670082102,0.0840433928684528
-6.492507775518212,7.152481771759308,3.136020231048589,-2.618606465988543,4.779849667812096,-4.073638625101581,8.506660641203295,2.2319161944947945,-0.54029994686791,-3.157496685816665,3.01871568904664,5.342076445013078,-1.5369303189476144,8.860278709825756,3.3677943108961483,-2.847124000663927,1.915057253305872,-3.92044373834546,-0.6948705136986681,-2.0578604568146543,6.677516977173314e-05,-0.00086836422884,-0.0009779004737195,0.0002768460795778,-0.006475035137898,-1.3159605140416195,0.6604990689106277,-0.3776385333131014,-0.4270431060200456,-0.0167631876800545,-0.1442401093690798,0.1791646413875865,0.3192018776666708,-0.0568865710071006,0.2914259708210638,0.0841723545383974,0.2161463090955358,0.2017683585359699,-0.2121814085249773,0.0120175405418888,-0.077373224052395,0.4217917621139407,-0.0310541081456763,-0.3619751997648656,-0.1599763916974019,0.1936986860360272,0.3916760191325419,0.4418653647220514,-0.1599101645298786,-0.0549738962202233
-41.22966350559764,3.533040222368478,-0.5161944484256105,-0.4079744915952131,2.422084249324727,0.4734056591665437,-0.1640361690365878,1.5320203415018194,-1.3381241253218612,-0.3185719821059932,0.8853660829262855,2.114456682481241,1.8888624603786883,0.0282790323839941,-0.7690677682232271,0.5152073291992016,1.8936529906742103,0.1042658488246406,-0.6193322037455283,-0.5334481725650512,-0.0023574112001518,-0.0002437558469624,-0.0028418344946601,-0.0007084686341188,0.0016630183628573,-1.5968428024998202,1.1205884580355432,-0.0356488377681316,0.3355204023297367,0.0083804951400493,0.2850959851669863,0.0769041725649946,0.7851673087072777,-0.3491051524660605,-0.237058839727829,-0.4557206905717475,-0.1127291742809602,-0.1323470413547983,0.1579986063243293,-0.1992186744602816,0.4192016156834358,0.1282932316194844,0.0371133147270095,-0.0667906734459176,0.0377333136790544,0.2845790757401911,-0.1267144720779986,0.0157337810964874,0.2916256041267668,0.4309723790627218
-20.10056968821081,0.6740549734948416,2.8610896925735987,-1.415142009181433,-4.798282016858844,1.8313949358482544,4.406883721746134,-1.507349220095888,0.901942959256587,-0.9470476411491026,-1.258390134096102,-0.7923421184014219,1.5729094473623662,-0.5398517373360381,-1.5715314516974594,3.2920653620793696,-2.8384512249620903,0.9241852008725298,2.896707648242808,0.3862724378999796,0.0005991563384837,0.0005702268958492,-0.0008090126835054,-0.0006311072120714,0.0008364717309574,-1.2031272537747153,-0.1115030295418915,-0.499217970303512,-0.1364193730653302,0.3813113566847045,-0.182959204350009,-0.1679901633027261,-0.164832829615327,0.1482862640646094,-0.0398513776868187,0.0643551205099684,0.3638465525018372,0.0659414315465317,-0.1498545397717171,0.0321825547482299,0.1773111675675705,-0.0539129122229136,-0.1650425795313123,0.1302675762400609,0.2543512866867086,-0.017153302401982,-0.1966666416710263,0.1948674055779384,-0.0580288263908201,0.2291488270070359
-9.529148766858752,-2.1348746617091474,-0.0697977778703404,-1.079271432323694,-2.3329298546045103,-0.7502779093928724,-1.306051290397777,0.69977621521401,-0.5853822391679181,0.6198847523859876,-2.4389936069734524,-3.8755705939474208,0.9663258724832484,0.3175102985787014,0.7933558452414086,-0.4423919714732546,1.8996215402635055,1.9759548537844225,-1.530157873051808,-1.2886281025558706,0.0009250489990305,4.904768324583463e-05,0.000539292920737,0.0010197726680222,0.0002350329807924,0.1085158983982618,-0.4142129244145075,0.2130025436710393,0.1902354110802907,-0.0848471630396745,-0.3583158698437049,-0.4489616531378745,0.1884336070595877,0.4806699339536242,0.2005383073929887,0.3649134007774393,-0.0701967332196898,0.1415839189998259,0.0976344416647404,0.2712891979999628,0.1403244989515818,0.068931182957969,0.0035794982085622,0.2450202187924036,-0.1913148447952341,-0.0676501340558914,-0.0260573802044897,-0.1462368267903832,-0.3489085425334006,0.1139228089804782
-41.82243134309324,1.8271237101254387,-0.1226429649981522,-0.7966876651840209,1.0911540580411003,0.2712769941820289,0.7690853133463065,0.5160767035481387,-0.9471303452485996,-0.5025685488405321,1.245938748790664,-0.7192844254042785,0.2717943310053968,-0.0097861734912131,0.3699612533017477,-0.273221613829948,0.3413762787414118,-0.1040636241919157,-0.6890675272663845,0.3424298743794813,-0.0040458269203672,-0.0016643602679603,-0.0037066497632079,-0.000477926724736,-0.0004649752343613,-0.6808397461449212,0.2118359877691639,0.6835432436499014,-0.2501399484502554,0.4686614162249367,0.0072708514402955,0.4279646696689262,0.1421838904170003,-0.1042333534476523,0.3319659801522154,-0.9115900629623106,0.6208699642645179,-0.3158400199413668,-0.3748860405738316,0.0448804994800585,0.1287614819687854,-0.4420330401314576,-0.0290381733039925,0.5486512122037356,-0.5395175714332382,-0.558044489687788,0.2036324490891967,-0.0274249332748462,-0.136870034797441,0.1688113907794007
-20.371099894367937,1.638797641999707,2.3318071416523405,3.2333324763822144,3.594943920916485,0.0890537057243946,2.2291233094832474,-2.305024124140005,-9.033275459066672,-0.6304851986092577,-0.607341689956722,2.5116700912425003,-1.5071704963872654,-1.1796360496574545,-0.7373868524084426,1.1365938004366936,1.3337516764210475,1.0873998282616972,0.2179904902002465,-0.7046581038434712,-0.0001816214344066,4.057216798752987e-06,0.0015557858333714,-0.0007715310068239,0.0013677125514572,-1.7810433489133326,0.3749362839172968,0.3899484585148961,0.565350737707395,0.1469228014091691,-0.4352918508516843,0.2382227744608115,0.0690014717333497,0.2001339130161355,-0.1616011934231467,-0.069641044022699,-0.3019182194784486,0.1992085583948007,-0.0909189936442454,-0.1704834372178811,0.0943076420351066,0.0126977409612294,0.0430238689542772,-0.0012249526246936,-0.0271942429923228,-0.1768073417957701,-0.2289619548877916,-0.0002330423144601,0.0529877687346006,-0.0546422607400635
-8.906301935423507,8.807675044597588,1.46894466214725,-1.064874562248812,2.6670362824679565,-1.911372941907351,1.2819490445222843,2.1338165549324546,-0.3023608470742924,-1.4849775793118372,0.8125615045660698,-0.3302328539861225,-0.0497236328485387,0.0113452430108467,0.4490646063902843,-2.9855243776511458,1.0805314818011382,-2.161923527404229,-0.8042248738296247,-0.7273465105900492,-0.0005100148647914,0.0006205899277225,0.0011924604666219,-7.745135727664128e-05,0.0013881559926717,1.42825984871585,0.47910594002091,0.2009790566857085,-0.6584299239857642,0.0047505153323959,-0.2106871068136406,-0.0100334130693755,-0.2621882424275746,0.1270153063254745,-0.2285016357131037,-0.2295690967641629,0.3497667158855835,0.0204552851320578,0.0305306358271148,-0.3611401257954361,-0.2121315914422584,0.2899050925312733,0.1749907112275126,0.0467363516495367,-0.1387854338981325,-0.0818407749267372,0.1397630022224645,0.2046860079536101,0.4278404939099556,-0.0416674414176434
122.37462657318612,-50.70106866546805,13.594875662244824,-10.207876739607649,17.759135928612206,-32.86114324866633,-3.8683791759586543,11.920393148045106,-12.27981102988131,2.8245590333661696,8.815681098098084,-13.74542023317182,4.772775109310286,4.388530385021188,1.405167459422686,0.4712685908613397,-3.3031623517124142,7.166228787713773,1.405577713334281,-0.7967676068341265,0.0011316677743692,0.0008556744439716,0.0005576540945499,-0.0007855273368959,-5.0851059716961687e-05,-0.0261940713855688,-0.7450057592348232,1.1575078538952066,0.2937890007102647,-0.0667499335126057,0.0043019545330642,-0.2036447840845044,0.4204003157056786,-0.2634515160194361,0.0010020438210766,0.1709388459895549,0.1499200687704114,0.0222485960229015,0.1613610040745874,-0.3038910865313712,0.1484334661078749,0.0689396277443612,0.0647191919673833,-0.1258869143029452,-0.1583973786491394,-0.1617234470959902,-0.0869194233415768,-0.1412545337877733,-0.0272528251080344,0.0951394818763869
-34.10008068478582,2.049477858767633,0.3358802416230001,-1.130146428268182,0.8194197882775882,1.708218310348523,-0.1623419762825193,0.7877076613502397,1.4905750892696203,1.888511573654709,-1.7965068030642055,0.8786643783515468,-0.5405196878200249,0.8783292158510448,1.5630049183394403,-1.179413913952377,0.3591197347315543,0.3524196988065333,1.995418775009668,0.1444422803591415,-0.0021144407022128,0.0002606523382311,0.0002003617435852,-0.0012107457902936,0.0008734091399603,0.2951392183472835,0.2202491207634377,0.1939821171397551,0.3848478016044163,-0.0860111501637416,-0.4705374186640069,0.7835794018318932,0.437498258618093,-0.2806763391205358,0.3577294030261325,0.6941354223557016,0.2264230242591912,-0.3022533706829316,-0.0907529256596986,0.1602600207278405,-0.083608880532581,0.2406385647939439,0.2761120833475647,-0.0386662322384695,0.4143071177922818,-0.7027992959227874,-0.1568433606262808,-0.1105900180531356,0.1405823818350992,-0.5895207918576794
16.546751836741507,-1.1689219702164866,6.123329865719827,-0.2873877091719685,-4.139563457889808,-2.933081705393743,0.6458954417252182,2.442273028126734,0.5116263866195094,-0.9245231408207478,-1.741267239043558,-3.5280820714339263,4.051807366252159,-0.5316468563585792,-2.320924319388035,3.280850410808335,0.4632922255562522,-0.92573050145644,0.0635621940042403,-0.5751942469979218,0.0005378077011106,0.0003950490278191,1.4849909255783983e-05,0.0005098166707654,-0.0006298877693893,0.2984588306605899,-0.3380147985842412,0.3640444926309467,-0.0272823905137433,0.2599484820681551,-0.2524380709808638,0.0957671810046885,-0.1146927838124858,0.1616482971448291,-0.2363730218822903,-0.142941113349568,0.1252507450693679,-0.0881313868363396,0.1469737816432259,-0.0774576507030483,-0.1193338845449136,-0.1377070132130075,0.0804474611319306,0.0853503870193433,-0.129231206092707,-0.0668685910622749,0.1009888178499336,0.0723358904311613,0.0344227339471445,-0.0203345253273709
-28.55677522487993,3.705442303041938,0.7723322278418018,-4.203869368141604,2.583052460583988,3.480191604272563,0.7177746228669225,1.4179078916745609,0.6558651580851104,1.789786384499101,2.19897550163768,0.6714116379065215,-1.5267900405276404,2.9192288879584525,2.671189568374188,1.1448916616397626,-1.5089155804778789,-0.5659552202627987,-1.8218564489514584,0.2923100037774528,0.0021911390977619,0.001831768451687,0.0002913720296267,0.0004905143055196,-0.0005213112585707,-1.261567004009718,0.5325454500799351,-0.5843146040688943,0.0098831791652562,0.4685248399969203,0.3382014419683787,-0.0958961126829352,0.0302193231915372,0.1285281136098324,0.4317996320789043,0.27938773366273,0.2162968507838065,-0.1157017503090654,-0.1147362286488403,-0.2328668239116966,0.4351325103447854,0.1842427517253568,0.0165659700329791,0.0293617305635304,0.2959469385380043,0.2416916916504434,-0.2981039554988389,0.0694835689431219,-0.2565971634996657,0.1229075477227778
-19.105550814682605,-21.271909042253316,-0.4069287854839046,4.767422147080686,11.079734485571928,3.452190545060494,13.005804573880637,-5.242792052389646,-18.65351724629637,-7.521375536122955,-8.377278920518304,-1.3904871489075272,-1.8988066795760172,3.737315721814439,-2.773387694396983,-0.4099622311736004,-1.4264592088666,2.7598926663849643,5.041999914499839,-0.5463391350343814,0.001646228948185,0.0020598522394056,-0.0007364127704598,-0.0002397794328327,0.0001241766946721,-2.188119246209091,0.2044435350024433,0.3066341525627105,1.0131864066749134,0.2509553706833265,-0.4255401063933378,-0.4273860733482421,-0.1124858704763483,0.0954892211903353,0.0341019515448218,0.0566661015707694,-0.034587001928244,0.0164900771313146,-0.0495050865694642,-0.0938989514831772,-0.1145836549591961,0.0810990196057651,-0.0138993756709243,0.0902876955762752,0.0287864235978085,0.0256073869667485,0.2956035674886231,-0.0276124998204327,0.0046241593022957,-0.0436272501379945
-37.82953944730752,4.105064794569061,-4.393361102789223,2.2128171767959115,1.2153949908557058,2.063457109195153,-1.5130267787776757,0.613960057984625,-1.7741768068416195,-0.2031373265188583,2.3099000898573805,1.2847401490942882,-0.2215185811880102,-0.8479589747396497,-0.7164472247220246,0.3228977205956302,-0.3877383451062252,-0.1637927460821847,-0.3818899222925236,0.6652580083021369,0.0014666662975245,-0.0032666148886119,0.0004633512888784,-0.0002772706874413,-1.068280517883832e-05,-1.4972927954620217,0.9771731807709738,-0.3754629202262777,0.4860205094115652,-0.1369576452854346,0.4251662655034567,0.1275443571391668,0.0894001109212644,-0.0650031954639732,-0.3043106382395719,-0.2153084093882795,-0.2676003309800041,-0.4948985312520586,0.33742087887787,-0.2264313073394362,0.1727185035801579,0.0547626507755219,-0.0659795792269704,-0.021929383873999,-0.0017680282548106,0.5394313161946023,-0.2570941461846061,-0.1550456131330955,-0.0137003462554089,0.0080732305727356
-25.527609141100505,0.7614873888563086,0.2883485187003106,0.7269220571404935,0.997073490200741,-1.240930628566963,1.0171242210825249,-0.6369323029393323,1.3255981811688426,-1.398993994397578,1.7931788715016062,0.1842946527496322,-0.3182325915046318,-1.658046187601499,1.5936242041107336,-0.936955989156791,0.1711289040005668,-0.6385916837947627,-1.0669158840102335,-0.4055819836728216,-0.0013060653335279,8.310604365040074e-05,4.494624380898337e-05,-0.0005528041877754,-0.0004366685560445,0.4306579766816585,-0.0912463454202283,0.4091125556544011,-0.5955151229456598,-0.0409633022833223,-0.2444527435670863,0.4884551591176321,0.4084414746909255,-0.1816015589930028,0.1237742504202357,-0.3575937453124565,-0.0950308739205331,-0.4976756973690553,0.0868010238698027,0.3818878743192355,0.1138224269040309,0.31659173473609,-0.2007323328247225,-0.033331446999288,-0.1839844600339299,0.1573465587964098,-0.1006138411059021,0.3322460809945828,0.381922647744538,-0.010293541851772
-12.90214072024792,-1.0729374791918391,1.8767917530990827,-3.025896734614268,1.1285668231174557,-3.91184742510302,-1.303091319005098,-0.7235525237384607,-2.1649885000391262,-1.7919962730187744,0.365051181338388,-0.3358770475000129,0.5984187220997899,-0.7803977556409397,0.8519346296374155,-1.2642564728044714,2.434893646465534,1.5390673146485627,1.9363747084992704,-0.3293789628973851,-0.0012633810118557,-0.0012927882440126,0.0005639312169606,0.0006729642069092,0.001440429353916,1.2872060754007626,-0.5832606610052128,0.5583180834865646,0.4041681115196215,-0.7897346158608219,-0.1258223109976137,-0.0103807984379053,0.4508132240089513,0.01494189050772,-0.0615410262902571,-0.729387460075066,0.1429499769722291,-0.0322336062805365,0.0848030057653745,0.4664204368757738,0.0613000621942152,-0.029040692723406,-0.1671782660576028,-0.0049874158054042,0.0926973327860442,0.3569814145379298,0.1208259360746091,-0.261645268824546,0.127487121802173,0.3177464851911671
-7.159586736790925,1.539892937221237,2.325457547943991,-0.0150966832314805,4.28311073590495,-5.911471613723953,-1.6714157373523242,5.109490638356008,-4.384792288857095,2.5512774037460084,-4.099419174295106,0.0743851369775923,0.6437741831987441,-0.3685734817894079,1.9456003465579037,-0.0121493494118484,2.24208866619673,-0.6929121935270238,-0.3555557058456062,-0.6081219790839247,-0.0002129879346609,-0.0001069415900552,-0.0001566809482489,0.0002752882969724,0.0005532056481569,-0.5166686099867157,0.0048544113164184,0.948600115844836,0.2344457618110962,0.0049398133322142,-0.151032160506929,0.1076712579937345,0.0557772275880627,0.0184608228654912,-0.0062770605258764,0.1860627235447328,-0.1013949598948305,0.2375275503702488,0.1864238433996889,-0.0090266753580738,0.2507199343361705,-0.1697639779551746,-0.0758485844116119,0.1489105631272196,0.0726547282561889,-0.0741399779211063,0.0059764611202073,0.0009166163174363,-0.0179183403260777,-0.0092436829559246
-2.308424343551636,0.7441990066032816,4.828209164916863,-1.7123145664728805,2.522772939901336,-7.651709154579212,2.335484731108865,-0.2433028057664008,-1.4219546998737604,4.152889790293343,-1.402787074886093,-4.325963595928314,-0.937957240525718,1.651641564988883,2.686038215762471,-0.9454409069693296,2.806643264257722,-0.6620181000261904,1.253728675794847,-1.424859167177746,-0.000589479503998,-0.000550056126539,-0.0011333077147326,0.0005056393353203,0.0007331631848164,-0.4551597073010809,-0.3487781100621199,0.9065021019509544,-0.2243185896263671,-0.3019064490903746,-0.2005389999042345,0.4694459322599822,0.0225707327710177,-0.0234477262931934,0.015831436617821,0.0304220734208746,0.0950942010488079,0.109255662889146,-0.2196472740503789,0.2441659898363891,0.1905251105084935,-0.116625930998855,-0.0317051392809,0.1299654725743821,0.0380406546928272,-0.2250750440569604,0.1028489507746737,-0.0307412658124724,-0.032280636417828,0.180985673337322
-9.749057390529186,3.495517723072367,2.151732991737582,9.046771364814065,-2.7786958590223403,0.0758571020081793,-2.3272436719775427,1.1973719919343346,-2.028579020867724,2.3504995858925746,-1.745140766815836,2.7750735848119987,4.906224366374333,-2.489307104481544,-3.230634461991816,1.4181302349136806,-0.1836678782033372,-0.8759135079377636,1.5667091550080543,1.702827438680096,-0.0027704942055372,-0.0009037744905741,-0.0003623029325969,-0.0002809308070943,0.000940679152121,-0.2115701870619753,0.1334571428366714,0.637189035424512,0.0060735373420636,0.3921602622909367,-0.1535347945062576,0.2555158857628727,0.1688855728586527,0.3341289728886163,-0.397565197582872,-0.4188490500149278,-0.2027258919944898,-0.1002389091715229,0.2163058538699064,-0.1685836263343512,0.2095476107521511,-0.0998615604315042,0.2607630562807178,-0.0244883720508307,0.0079753874133027,0.0226191701110321,0.1175975841517791,0.0648917555210576,-0.0018431653508393,0.0457822680459782
57.76118123723727,-4.279457013023829,-6.958238420508929,12.536926199428947,11.713137545359102,-5.749249725875334,4.8443639346265295,-0.3453110148813944,11.29144460082384,-4.506222900519041,-1.3883516107771592,0.8129343687604322,-0.786476394824666,-1.2544395789531515,1.7002617995166764,-2.4637584449338195,0.9010180601106532,4.519241040649876,0.5122483227486253,-1.0765118885881573,0.0016458331965772,0.0015000644779917,0.0003724584088079,0.0006197783896739,-7.231926983720328e-05,0.4023300056346401,0.1324914456198728,-0.1034250999813941,-0.3145172691283676,-0.338603659129512,0.451052057906312,-0.0813900631378404,-0.4962259461708685,-0.2035740721917243,-0.2594823184601094,0.1689425175162654,-0.1430899071331048,-0.6174067753542171,0.2286155802654321,0.0502116566592856,-0.2451484355539027,-0.101979156583068,0.0891715630588862,0.0397547125093879,-0.0325711921356811,-0.031023981267728,0.0405165365093457,-0.1332217828532426,-0.1085775641150776,-0.1478946531362495
-18.076499137472187,-1.4654519083536637,-4.602920964057126,2.129393945658796,-2.101745082979063,-2.537130380187792,0.3954408685248989,8.180476672266698,-3.158026837647591,5.457966253635938,-1.1058819348182964,3.782283353997293,-0.3230757483053301,-0.1364806997274009,-2.447482217888921,-1.002775717961663,1.1992987842757048,-1.428357728564524,0.8792800478029612,-0.3459776257452797,0.0064741519644162,0.0017067638673739,0.0005278604501059,0.0010261346813649,0.0008343899234253,-1.194707035161466,-0.2513588548284761,0.0982067160214237,0.8328114317722575,0.2390234785514889,-0.2997440857811785,0.0036906071964962,-0.3803157470843909,-0.0308372070725537,-0.3864682920289233,-0.3894112606381646,-0.1555441993775042,0.0447168413098345,-0.094591976418862,-0.2715302134682368,-0.2715215703107324,0.2571097816140676,-0.0544730755138659,0.0031141718083653,-0.0311030901058635,-0.1465486062006862,0.1809953773132507,-0.0830199119200544,0.1101007276651659,0.0767137485374509
9.242860811001174,-7.27771971652251,4.750686801013523,4.766509688519774,-2.9098439615240177,-3.2390163982852016,-6.554998117233061,0.352296985775919,-2.3759932963067323,-0.1912315850867657,0.848856719832804,-2.618197211399319,-2.238030767974585,-0.5735786971614396,-0.3537874733403311,1.5564626602715732,0.1602204340737692,1.3866574651542103,0.93062781012745,1.874376340579556,-0.0013537925602506,-4.81607258264519e-05,-0.0007818141004963,-0.0006545354965069,-0.0008313532272487,0.4941387691510192,-0.86148957855729,0.9674864447414432,0.2858998791648171,-0.1167438327483784,-0.1446680692086298,0.3572512078675611,0.1345474724071571,-0.0806615016961382,0.1843504104913811,-0.2204734957137306,-0.0383337893581911,-0.0298052979410959,0.0497934572633092,0.0850417827445543,-0.2362505337728898,-0.04136144982668,-0.3052231819642136,-0.1858854565684931,0.2415406041777342,-0.06392043367715,-0.0803762425431051,-0.0996741572207226,-0.0655779484984687,-0.0821099291063906
26.928185342260115,-4.070955925693679,-2.922090510943249,0.5344756496337539,2.6490064210089628,-1.5410325924891877,1.152516705086779,-4.249676876844726,1.5964973863199636,0.9380818290813504,-3.432955430976018,-1.061583388571136,-3.766757035537371,-0.225258012525321,-1.4600496610955105,0.8345451367282127,-0.888376119663935,0.6002841867132919,0.0396660835441464,-0.2919512973304727,-0.0010113340274528,-0.0009262391020442,-0.000500018525494,0.0003079179405649,-0.0004471519795023,1.82508682005803,-0.3104961598751972,-0.0372175631605367,-0.1983773117805603,-0.3755532301088813,-0.2205156796525553,-0.3233695101578967,0.1374984012266679,-0.0332835247222859,0.4914372573177831,-0.0240515915933376,-0.0195312537626309,-0.0168772907600133,0.0141178860490951,-0.0729224536892296,0.0684796227621593,-0.2705809046263824,0.0014626975411149,0.0846252916370095,-0.3371972074462553,-0.2284141278532534,0.4103648725089606,-0.0436550530046393,-0.0487450266339047,0.07174433717472
-23.61679973597016,-4.693847992741153,-0.1344058800121509,1.1112450596835544,4.701294550650567,-0.270236955562266,2.376721312940996,-1.4189977378659686,-0.4502383465248268,-4.590683201659015,-0.5602933639317516,3.335500032318865,-0.1931507182447046,0.5384298848070423,0.6409000774727408,-2.968752034550012,1.6142590443589564,-1.4533335331933956,1.31280987328152,-0.5224801200872967,-0.0025852603847219,-0.0002467900640719,0.0012271349259237,-0.0005460266430198,-8.943333266049989e-05,-1.260278272925654,0.3619894707512769,-0.1707704194712241,-0.3046338521156308,-0.2442754707624751,-0.0845195508478183,-0.6470768149101185,0.1003540625302567,0.2993287695620742,0.0681959217590322,-0.0019595481062345,0.1544150139925223,-0.1056926217738761,-0.148101082339022,0.0951422032515563,-0.1832877311935168,-0.0427489829383727,-0.067937565866456,0.1805656353820349,-0.2138341819121385,-0.2267518126789381,0.1760116103154676,0.1287687349218332,-0.3827731470054571,0.1411715274798541
-27.668725059553587,0.629936107489028,0.4513789205405455,-1.6551642949267067,0.9677727736153272,-1.2441382999384158,-0.4761406240656066,0.9843877077799612,-1.036515853803908,-0.2679078768382025,0.2412095978994299,2.4099733758784048,-0.5925818962864666,-0.6521524259215031,-0.2511439712578558,-2.6504199835486606,2.128517677589052,1.3263501436021017,0.3411325244278119,-0.2301392844947818,-0.0010764923504569,-0.0009625740910137,-0.0031400933061043,-8.606224339565625e-06,0.0006473641498458,-0.147675789432111,-0.4521430677538157,-0.0153076438190479,0.4791426156112567,-0.457519473801272,0.2135622374954761,0.3355494648635891,0.2445904571551035,-0.593177875334986,-0.4971493098114414,-0.0346517579801308,-0.2431213804151607,0.4782047975340009,-0.2436123289891337,0.4167439683760777,-0.3992715572675221,-0.2217341192762889,-0.5308722977855496,-0.0341862598982029,0.2066912888367191,-0.0442239424030579,-0.1599632267362852,-0.0017506569475078,0.0570710363365489,-0.122160745055153
-40.94793437098917,1.5102701053465422,-1.5329225039866667,-0.1398622440033687,0.6235787010328713,0.8695431901323241,1.1461361240860302,0.8007986932067886,1.7281663069319948,0.6465217361468726,0.3952735062618789,0.2918390365281891,0.0225427013019397,0.038297304697817,0.1661673716380024,-0.428934867887816,-0.1121392550162293,-0.840901196631891,0.1873388953136835,0.7092783343458166,-0.0027630857665738,-0.0023767485826599,-0.0023299904462927,-0.0032221672946829,-0.0018893198874447,-1.045456709707378,0.0651239031434444,-0.4047888380270336,-0.5231024775068019,0.0422284087306043,0.4067835961941752,0.3941528507252991,-0.1521946213024277,-0.3355974998288632,0.0489645628809218,0.3583934626137497,-0.2130208572889119,-0.1411109829677559,0.1651144369760174,-0.3327455656605619,-0.13956291917017,-0.1245740889834478,0.0887768826006829,-0.1353661131742499,0.1273224894065872,-0.1664973307580161,0.3989406393267928,0.1384533832986605,0.0396851939761363,0.2843566111313663
-32.66270871034669,1.4559016116350387,2.3730282453968274,-1.2716952387764466,0.0929894788230213,1.8296664407134164,0.3275414390881838,0.1608751379289097,-0.3308843010325313,-2.380750724538748,1.0600084402556886,0.326829157454414,1.4420845581477029,2.0405582249742444,-0.5538553223346048,0.0444789529125299,-0.5581588221174443,0.4201801007415574,0.2722992052116575,-0.2327587059683798,-0.0021504549533615,-0.002310894380304,-0.0001831109536248,0.0024266651258138,0.0010078941216851,-0.2016104063801699,0.3738931443634907,-0.2968169644971245,-0.0572196613104552,0.0886158976760416,-0.0938165971937864,0.2678713555575329,0.9055037974685052,-0.0484310578137094,0.1343829373850974,0.092961056120853,-0.0927868463179126,0.6230604999009127,0.7496902199154628,-0.2057421375477512,0.196791507729434,-0.5517759752369188,0.0135259634866294,-0.0246155728324765,0.1232501276014413,0.0837806559498379,0.0588211482650924,-0.3025679988195869,-0.3490967027798099,-0.1514321422754817
11.384250865657728,-0.273195459016144,-4.289103598819239,-3.633167352788331,8.305451341022748,-8.25133416542648,-3.2037297292996807,3.330097953349417,6.69390725128627,-2.5344797454200405,5.7297579008366535,-3.422397291983187,-4.434930015486412,-3.9539447582319314,-2.0995952712762738,1.7441808729945,1.030586764950162,-2.556810932106107,-0.5726204214629499,0.8055634378561713,-0.0009692248043159,-0.0009947045018213,-0.0002888026448456,-0.0001690027095057,-0.0016307346921666,1.0161489579833138,0.2809624739777533,0.3929973978299964,-0.6074634800410315,-0.354546003546673,0.0968692161731988,-0.1378706810028776,-0.0151644754767468,-0.1693244153773577,0.0219888265121107,-0.1196750990802617,0.0959246238374761,-0.3494126688066553,-0.49651284030236,0.0874313230640528,-0.1317784446802969,-0.4085726175090853,-0.1877564954302121,-0.3639250827090655,-0.2180132904889169,-0.0909147844514223,0.1350285421936175,-0.2029306518493172,0.1868667393132118,-0.069810708938438
23.38397260837305,-19.65209504740392,13.559193875831989,-12.667041989324233,14.069132376841564,24.58814119008032,-0.3591165742630898,3.9507093421948687,1.1139500875171746,4.535376059455779,-3.5580306602132814,1.276515187641872,-3.1207651574000903,-2.442896734308841,1.56057782932615,1.18891410228584,-3.414363754542676,-0.7232164992661663,0.0489121711960257,2.3688483298798166,0.0012968539119723,-0.0009140932087206,-0.0007217860148478,0.0007187341366537,0.0010787978718445,1.2257652382501558,-0.4340438310520378,-0.0183539785790339,0.9620901119486812,1.504602070587289,1.2122379666601466,0.4609628304662769,0.3645564863017196,0.749309020910236,1.1219179303375555,0.3902150474919101,-0.0364592117057674,0.0267546685717685,0.0743442761947408,0.0927161751973422,-0.484230927637868,0.1485019735579161,0.0640594299236036,-0.2172634186352088,0.3153698492833198,0.4862616242924476,-0.1664190997282295,0.034772793044481,-0.3163512472498342,-0.3428588484507018
-28.86470757108279,3.525969292851117,-0.5016245424466932,0.1202281186805214,0.0523320917666177,-0.6025799859515277,0.075751356230982,1.191120435052346,0.9635745093399846,-0.9293229620890148,0.7615019111201979,0.875444972095843,-0.6192306524164499,1.760229692688556,-0.1881495215770168,-1.2043783644163508,0.4712673273104885,-0.2341146240942442,0.3157514361145817,-0.1571447913361484,-0.0027087671943514,-0.0010556651968346,-9.987701600619042e-05,-0.0006401160444903,0.0004706901893476,1.1304346565309815,0.2479397622113163,-0.357246073560115,-0.4547163645366098,-0.1210067914760688,0.1195922373396391,-0.0842066170171466,0.0582953244708277,-0.1482225276174477,0.1919894385158227,0.1213280307916993,-0.3633741686419297,0.0186328488244026,-0.3976119798236022,0.0455433465332835,0.2749710445004284,-0.2891224576159125,-0.4189806235777389,-0.6138080963650181,-0.5507469135663211,0.4629618457675618,-0.1798948412029315,-0.4675741517207982,-0.2197085920516482,-0.11592502796594
-28.750044687485246,-0.5169694469270083,1.1292916883949429,0.1609890269735843,-1.7655542245134686,-1.8642599072043269,0.6080899316290804,-0.6357374933110204,0.5859693049548531,1.8999768015530047,-0.4324430640322454,-2.114572420093122,-1.3101212842959324,0.5484233962983691,-0.96302693813261,0.3246064113057037,0.7533742363333381,0.5303636618273997,1.3407614518899569,0.2027239504735454,-0.0016335446132624,0.0014260956464179,-0.0005579076115984,-0.0018883901542448,0.0017328098339227,-0.3679369696027018,-0.7907237306812599,0.4802114920201661,-0.0630152878808486,-0.3136061567308895,-0.296662145390825,0.3665922106642672,-0.1897473400811058,-0.4420098662550385,0.2860331297220726,-0.0967039705365085,0.2106178217039669,-0.451860931043434,-0.1849480013524374,-0.0897972124552062,-0.2602989824871839,-0.1591012167756835,-0.0470059278950712,0.111547037513472,0.1183952281988758,-0.1021509926997757,0.2133529422217301,0.1190573339054274,-0.1840203056561337,0.0196978411227329
115.82281903880762,-48.92553925961466,29.77659999054957,-6.45776021677163,7.456633272451876,42.76890331093252,-3.741575104036554,9.882177045559354,1.2464746497365915,18.246327050550764,-0.4616976867151164,1.99614793739994,3.963426011937339,-6.009729956344177,-0.1681506960534994,-0.2602796852967149,-0.7511842269419656,3.06820675852078,0.6798393272946055,-2.010168644276015,-0.0042052487894618,0.001593735891155,-0.0007608951690824,0.0007158006287824,0.0002965447880589,0.6643923325152249,-1.121173295879755,0.1491000807483544,0.5609995747139893,0.921856794661844,1.1278612389705935,0.300821201749005,0.5530956339787771,0.900303087547121,0.4467209603850897,0.6004421212321215,-0.1541367968336077,0.1302493384235431,0.1623500241195886,-0.0166825413174231,-0.1638650192746171,-0.0281812634598444,-0.1168017895780094,-0.0559627196570998,0.124239484057899,-0.0443918374028414,-0.0748089726634071,-0.1635699335643374,0.1351319070093207,0.1546182084085
-38.97382176112097,1.3061883208792702,0.3728958216513146,0.3383838317102276,-0.4683029096761823,0.1743211545031804,1.31122648134649,-0.3467439233068986,-1.5434658738639957,0.0557552891933781,0.3447582974265137,0.8987440306886458,0.7847810760950723,1.6134842352683063,0.4298692032876267,0.3437500088228037,1.743080319384713,-0.5436467591111508,-0.0125587117799895,0.8609895380054378,-0.0037052831069202,-0.0006625602588617,-0.0009731966473369,-0.0002940879402065,0.0036899315192126,-0.9058448893826088,-0.0347491589131827,0.3507076102799923,-0.1092343487139817,-0.0721694299976122,-0.4335027555283779,0.2227005806355358,0.2688673300244077,0.0952926528162493,-0.075420877620721,-0.025341318217423,-0.5163707062653395,0.1884106423314487,-0.2695246259842844,0.0520872322649819,0.2838531565264148,-0.2294396884557647,0.3582978011882952,-0.2214840469605924,0.380341420878835,0.1221228588696817,0.322848248235095,-0.0144489441039222,0.1045922543227202,0.1336128554010618
-18.093036953433707,2.251216543315615,-1.1014409287146243,-1.5380541778933874,0.2204986756450649,1.7378857663862837,3.432851994135572,2.3252766832330454,0.6869668658245365,-2.4254615162734825,1.3169097786068544,2.054220073619898,-0.3555237314313493,1.1467292853370796,-2.187444154298805,-1.9650959650014028,-0.0407050769663402,-1.7030239230372677,-1.0572568171976249,0.0433711698793812,0.0013735377747926,0.0007540453732084,-0.0008493133940726,0.0009455738268158,-0.0014540066155791,0.067134712242676,0.2367346108605711,-0.8944732893000396,-0.2701334302467322,0.3875735379264074,-0.2436581657326901,-0.0868197156341964,0.2237038391656946,-0.1237572703135155,-0.2358014781553253,0.1043624636943245,0.2879516009268399,0.0601588745852542,-0.3121200421108299,-0.0376298301767364,0.0765443391420856,0.2964025951292112,-0.286177680669923,-0.1074323825034425,-0.0876569548991901,0.1105293763352183,0.2190494814896589,0.0552433330001164,0.0286354314552436,0.0394107983166171
-27.1223042500924,3.266755415397481,-1.2158764868400895,-2.076766021974579,0.6334539417196703,0.7352110616408234,-0.5090628074431089,0.4839393219172377,1.420823565046576,-0.9868357702136726,-0.383106747832069,2.610056918742741,0.4038072678287687,0.8196548256911392,0.4989192075199644,0.078431708503403,0.994707172431802,0.0493556812949784,-0.2493003058385444,0.5625465367349617,-0.0013464730730321,0.0014821152196719,0.0002920539037355,0.0005950494928698,-0.0009350017181688,0.2324823445748534,0.3603513365257764,-0.5404170638311605,0.2376949891289078,-0.3432792609876733,0.1777755722711964,0.8124569281125287,0.1233149469158719,-0.3427934234925335,-0.0432919114961673,-0.2341539426069347,0.0822444994832837,-0.101118873867004,-0.0303805302727369,-0.2807282745359438,-0.1531023934069841,0.3141945149364404,-0.1179886153679884,-0.3220291658745706,0.3265892066075764,-0.0398947153484324,0.0634738365431518,-0.2820020637487475,0.0670306106215183,0.0048140816351792
-8.81722126281359,-16.80701659944632,-6.713286629026252,5.759849777500258,-3.666546683136664,-0.1397343560840451,2.377676118921846,-3.569567253530872,-3.749346669496799,4.469432733895675,-7.986724082307913,-0.766376577569463,2.042733000885001,-5.1381915886018605,-1.2153393640555392,-3.3505942903130856,-2.1890208901047123,0.8983044167601819,4.141999291334293,0.0029717358336354,0.0055641110165112,0.0016532572087809,0.0008899592936194,0.0007442350365729,0.0007237089222603,-2.37249148351208,0.1787983326524405,-0.0836978225392866,0.4147280821512275,0.1562079761590435,-0.3939404528168915,0.0682665686712234,0.0066148509583839,0.1401940489460949,-0.0950799670983375,0.0992823527178398,-0.1240332477644765,-0.0656397781607756,0.0044672361933135,-0.0730708149420722,0.0699807812863385,0.1874374579794106,-0.0053069386761046,-0.0508444169181298,0.0743764860029557,0.0257246201289419,0.149284441516692,0.0222563787179635,-0.0285395769655887,-0.0725945051165213
-11.47037276972994,1.477419733876583,-1.54644407491694,-4.763551777380153,-0.795624851895588,3.861595990096776,-0.3224403198355067,-2.404864989288019,0.7397471950577666,-0.0997278428348049,-0.4314126736048056,-0.2265018742486585,-1.160464821349612,-1.344806245229955,-0.8378538004280105,0.7771976841885408,1.1668617219048556,0.4597248754874135,0.7468531710859022,0.3025923399331906,-4.8347018122094127e-05,0.000426113944875,0.0007724653914864,-0.0001187935857452,-0.000169165230774,0.06542857655624,-0.0167914918238834,-0.9932690400475273,0.3155661792190911,-0.4734948845503976,-0.1361995230351272,0.0222716911791952,0.1089102801465775,0.2206742696952473,-0.081303866848239,0.3017310796222004,0.4660285236781178,0.1370144513347364,0.0048768641814137,-0.1847674232676765,-0.2776493202480777,0.0073684997378018,-0.2649331493803503,-0.0687718380960256,-0.2177890850651806,0.2525194749184583,-0.0267597399616852,0.1025693294443552,-0.0591460406900576,0.3444693561007271
26.770482729468444,24.047833859651572,-1.018732720571505,3.613813967854308,21.08620412776622,-4.307518578522471,1.5290515695184483,5.119272922511332,4.572574161186284,1.1306662265860248,-4.968500770702184,-3.684887462021477,-3.954324331974053,-3.666513743719335,-0.304563476047994,-1.5338320946003086,0.0295948718701782,-1.1479326659131084,0.1850087203521348,-1.7638743141108064,0.0014916168908647,-0.0010487506505433,0.0019028531394272,-0.000496110937895,-0.0004979952847647,1.20610644979373,1.8020196323065645,0.7277335715051433,-0.3680416553875081,0.1995154725593591,0.2602529304989721,0.4596010547769952,-0.8542006725921746,-0.382326890950786,0.0322233692638833,0.3846663434494853,-0.1257972393183793,0.0973595691589801,-0.0678226093683359,0.1507683104093549,-0.1550817750284237,0.2009979648389315,0.0131330229132118,0.3558154857801302,-0.0019309758819615,-0.400383782845252,-0.3113504649139537,0.1116650492123533,-0.1299399669282525,-0.3555598829620816
4.256809923712668,-4.65826227076379,6.000627071832434,2.7284431962275097,-4.829313087579154,-2.2937160790933784,-1.05310697025323,-3.5374900391779804,0.7154686928761125,-7.059100674110119,-0.4912264901998883,0.1981446032502562,3.855346151928976,1.9068692601182504,-1.6575121149015393,0.3854371871942058,-0.7331897186052018,1.5723237462273043,-0.0558752171683284,2.1021299925203945,-0.0004368005219224,-6.955969992823213e-05,-0.000502824120918,0.0001126757327663,-0.0013654399784939,0.3805282556218562,-0.5082212824349529,0.0550709518682207,-0.4226006361722889,0.1346142247929214,0.0847994384863936,0.0439941233574426,0.1081834670246444,-0.1496879196133139,-0.0558349538211711,-0.0042976472618942,-0.1230455805451014,0.0328127766171907,0.0665830943921338,0.0691721258741542,0.3671993864885625,0.1108072104454932,0.161758935269153,0.0525392523549945,-0.0457826684938784,-0.054576354756702,0.0354419790565374,0.11951708217146,-0.0334934705272646,-0.4109235303798907
67.08854783650531,6.84066030318832,-0.5338290245120115,4.66960927874307,23.02207325331469,-6.845491087813791,-3.0096194531240874,-3.000375552510906,12.65551205778067,-1.4518382201988185,-0.0698604858831768,-1.300646788741635,2.4717607222756635,-5.013068376077965,-1.86023492608269,2.4933515108195152,0.682808614139726,5.014318689327853,-0.9732601866054108,2.225978378183705,0.0014043273496711,0.0007311541497117,-0.0015084198057389,-0.0002805885525004,0.0003659021251783,0.8267378580181944,0.8756764659084841,0.3098950063810098,-0.2636072439003037,-0.2488329567592971,0.271024111785988,-0.1470417175877518,-0.2339565238207932,0.2251316679170557,-0.2538107326926992,0.0594794313541298,-0.2247856026031855,-0.5976003262339963,-0.0166936836419943,0.1962891649052344,-0.0471505290988381,-0.1560508401619695,0.0674097016206162,-0.2049884426193085,-0.130135825346393,-0.1376372364237174,0.1334300255248543,-0.1644138099497594,0.1833384764662742,0.0056089517276741
-37.70018290187776,4.021104849527574,0.6470327425500231,-0.3392885242844362,-1.9162993108214108,0.054481183405408,1.7221628966031022,0.1127312243169726,0.1319215963185149,0.4617444889623893,1.066688965499338,-0.2567957161740592,-0.8291262149992636,0.2057957017620959,1.1825673758490696,0.4241035574989988,0.2421977622135461,0.4062715594233747,0.1233755722983567,1.1536973940990398,-0.0002659834645617,0.003121711455668,0.0033062113405646,-0.0016242156625554,0.0019987856043791,-1.6114032295979053,-0.144207532945523,-0.4898926184142691,-0.225774580015659,-0.0440342976472527,0.1576303872087531,0.0369185872528383,-0.2420049165477383,0.2157974929465707,0.1904111747423032,-0.0311755541692329,-0.0634060937509221,-0.2954796452823021,0.2526216058588157,0.093809185167021,0.4743211538773267,0.496106019768499,-0.087246099964819,0.2607357340230441,0.2428455222627683,0.0956549344970572,0.0911399908302212,-0.0568459551497197,-0.0740127389320979,-0.0261641994962275
-20.8571284859073,-12.027700569505429,1.9349181217408296,7.111502523922768,0.7279128311791968,1.3118103902087894,-0.46171833657754,0.6741154768116558,1.3100567418705564,0.6745274957732053,1.8070547839163609,-0.916590741198112,-0.4187149099517779,0.729256986304677,0.0072061724786068,-2.7141598060775927,-0.7937015921599899,-0.054430994944961,-0.4728586878801857,-0.0624679985551028,-9.032605020311848e-05,-0.0003217245734336,-6.742025801988631e-05,-0.0014482624235853,0.0004860110224571,-0.9327991030592968,-0.5385441141407751,0.4469659537061155,-0.4628619617154649,0.3477662068316906,0.278609748814314,-0.2896885156787481,-0.0973051634293017,0.2017246205537329,0.2226156943659717,0.2084569101352316,0.0004873191573503,0.0350049515985612,0.0264616918882462,-0.2577560634203862,-0.1003480649720555,-0.0700063895725435,-0.049301414157713,0.3117260791564647,0.1053568185252125,0.0609210156800201,-0.0233701699887405,0.0374400130468364,0.1057408606002141,0.1976541703703748
-37.1956852732827,0.610447185536476,0.8380175232256485,1.7048128343079114,-2.0071953501497126,0.1194317517791962,1.1814553757547643,1.973082037322238,-2.1312765977987578,-1.1767437839422534,1.128772964586032,-1.037218497125705,0.1161930954357153,0.2057122278812597,-0.8056537121461834,0.0310427961568044,-0.0304603735705514,-0.14607131339756,-0.5925494028897071,0.1408561704397566,-0.0001740799086059,0.0013754712860409,0.0022753831601448,0.0002336204321364,0.0042768758102686,-1.1150024295330925,-0.5621526762580499,0.3046895672233313,-0.0246788979064932,0.4295937276329455,0.2307150048881392,0.2370603354117197,-0.4625218714550716,-0.2717559306655271,-0.3583879777079454,-0.0026422318196785,-0.0883687844343688,0.2837974095144127,-0.2024530118722507,0.1045769000920884,0.131403450824107,-0.51063825191645,0.16186136815457,-0.253065942810977,-0.2560420425093667,0.1810370333041998,0.2312452031478084,0.2644509436313086,-0.3711798449071194,0.2287909537836143
-30.332755857893208,-4.384469626437303,-4.663666671088034,-1.7532666178730425,1.902236973557687,1.811375545642797,2.525288299181462,-0.8949379475045184,2.5271074063790198,1.062792614231675,-0.1366861608167454,0.9151625490594472,1.3283692922550498,-1.387321872229742,0.7634568422658936,-0.4951424766816827,-0.7286672450773878,-1.1982165175405184,1.1226370042887164,1.3811186956840815,0.0034433112362368,0.0004485783072774,0.0020425276655421,-0.0004535801642264,0.0008955771960127,-2.353849813526801,0.4134929179009944,-0.5411137804630007,-0.0768308079504177,0.0958323966923017,0.1897948292068233,-0.4033348574830321,0.014081523694643,0.0446456502779703,0.108891148940152,-0.1313613126966823,0.0580033302842439,-0.0359639069627969,-0.0208738483439597,-0.0617830126657407,-0.0092115471048148,0.3062488885375525,-0.0733215854847469,-0.1171862136725534,0.16147292827773,-0.1809498761708295,-0.0249450047386104,-0.0443266834982112,-0.1143920818776041,0.0365306231811051
-29.56731596841125,2.446581746346176,-0.7745181129957273,-3.3731810974001166,0.3792199947616703,-3.5015848945521184,-0.7863973439324664,0.6923387684564135,-1.1692098201582453,3.342731561794204,-0.4066086451486974,-0.8809984553542682,0.1225703843233057,1.0593010038801398,-0.057053104453343,0.4847898217497672,1.0328834514052254,0.3736625131801784,-0.915735621968544,-0.4627485327757453,0.0006409581755063,0.0006600305733509,0.0007645514328785,0.0026426437380283,0.0014742759226423,0.0394006745465631,-0.3348985439828429,0.8333817854304485,0.4580108583046237,-0.6308150976573225,-0.3217586350598115,0.7196070003137361,-0.243111909372243,-0.0379050368041925,0.0686798969402026,-0.7013481793905901,0.4344635697925513,0.2186065578000548,-0.0878233438785626,-0.3080559059057218,-0.1132808107337752,0.0180372618902549,-0.1333060314825703,-0.2521948478179833,-0.2131515396411945,0.0629827880314449,-0.1141985911927304,0.3067295420728657,0.1627691531679307,0.399168695180512
-18.160618064790075,13.343895137819674,-3.416941973146284,2.048585115378708,2.7094441160610487,2.3408400962578604,0.7129205751689945,1.8212303247052533,0.1732132656767533,1.2668292219344983,2.629923053693018,0.6595196943282898,-2.292772266302619,3.279162976857755,0.0812169970448312,0.388040286628056,-2.6710881521133487,-0.0707407462672241,-0.0394028306689258,-0.6566008043624966,0.0004482480350313,-0.0014280663255099,0.0015919222750858,-0.0010948096292351,0.0004492258211277,0.6663033806005072,1.599881050068818,-0.4241174703105081,0.2123792946732586,0.2639349612461658,-0.2195336417171375,0.3013521459692403,-0.3447125138295162,-0.1023102202993906,0.021941488356043,-0.1423412781038149,-0.2931892215130532,0.2906052446569249,0.0129880445741776,0.0806537807500776,0.1691821402107977,-0.0369282411188561,0.02193097029453,0.563023738327689,0.0613847065660986,0.2130109694624525,-0.0916971416024296,-0.1811941863020483,0.3003218701897078,0.0450833784394337
-15.731510075738187,-0.0840457938694805,3.7879887911196537,-2.579775552338925,-1.1140198204281826,-0.1126419267931102,-2.4964392282284624,0.8196096207272253,-2.903339740704756,-2.144760711296923,1.5961401590294944,-0.5050586725790782,1.1178577861531431,0.8002015060800475,1.55098140091676,-0.1804133454385571,0.939124684181168,2.0376420635739265,0.8209027218706975,-0.2025154654443912,-0.0001350274294933,-0.0003676729695347,-0.0005416413632895,-0.0006737312458977,-0.0006970592558045,-0.0304609868032736,-0.2920352297561902,0.3247665983655978,0.534548271999999,0.0153098982850942,-0.3328691298970297,-0.3398193692204678,0.3947379630157073,0.4245483792165405,-0.1791245352158514,0.0337927882802142,-0.0251123004365787,0.0299068059712817,-0.4283315109697292,0.0869251274984751,-0.0137941425905658,0.156587095647488,0.0940087767123438,0.1413965173273547,-0.0370665482225407,-0.3673729711249571,-0.128046137476512,-0.4630302264337761,0.1129221592729761,0.1979686021883671
-23.5906559232376,1.6226175566386798,0.1489567146250852,-0.8474803441112757,-0.221137617834698,-1.048780949592043,1.2418187724215453,1.370933395052658,0.4253889661296898,1.349244580009041,1.658654161153237,1.512948400460647,-1.5021476034036418,2.974098446652696,-0.1352116308397125,-0.2368341399336272,0.2255070189614893,-0.9522781646441748,-0.6695555590380218,0.9897601173269984,-0.0007229155578256,-0.0013839996471384,-0.0016321870126,0.0008639694957267,-0.0009322575894418,0.0981943860918122,-0.2665000495503183,-0.3583685229991103,-0.3545008069353363,-0.08463477727171,0.0788976997114365,-0.0843081070979582,0.1436758536915985,-0.0368194888504934,0.2782808995720149,0.279330208478127,-0.3868507314845427,-0.3447422605450947,-0.0731335024312766,-0.1246027946690947,0.3961996688960147,0.0513846013327818,0.0654245716900289,-0.3479878125960117,0.3169607259594997,0.1335726276663363,0.0211145619704358,-0.109476546804231,0.2601747004044628,0.6601083190077057
-25.93026498886476,10.970435029827769,-2.3207815643059093,3.2598009680316067,1.9098528700078663,3.7383603214569634,1.0545299989819548,2.380374441245838,0.1444517013520017,-0.0411637857787786,3.5533860067393794,1.0956974485603683,-0.0493147435697463,0.5893565249369247,-0.1771634298462198,0.2250258856260535,-1.2434382017971697,-0.3310299600858072,-1.1670937171448574,-0.3690302236677391,0.0007986932320214,0.0008267732533168,0.0040196171050258,0.00035432516638,0.0015375905976796,0.1075035368276094,1.5674430889663669,-0.482363863461665,0.098660597222002,0.553944969324675,0.0478947437562744,0.6316618754620072,-0.0304174883861479,-0.5219361396341123,-0.4169292220457221,0.3618778819332387,-0.0548771499705188,0.0249661167370176,0.3482984479584928,-0.1172254497865327,-0.5368572501435832,0.575053624730318,-0.2657036859645809,0.2993778352522998,0.0685175146135782,-0.1903476107276784,-0.249153237727194,0.305822175362356,-0.0239060046774172,-0.3020987103799548
-43.637241591057226,1.685556339930205,-0.938511165748785,-0.2152634529307887,0.4085094845648143,1.44533053587499,0.4041791145326353,-0.636575599851693,-0.7268780200493882,-0.2817743706282672,0.9509198156902492,-0.122247769595732,-0.6818074594286817,0.260973047550737,0.3580705462319514,-0.4947291279247245,-0.5905628790781425,-0.3926998332253658,-0.6713276313070817,-0.0692306412912053,-0.0039906118177449,0.0058697312058907,-0.0014337650924403,-0.0007189430511429,-0.00074811443691,-1.6826697396312007,0.2237439604538878,0.0426912254367011,-0.123419525171552,0.0404250512848457,-0.2672355036847764,0.0454653371046459,-0.1712273111460313,0.3187393212073966,0.052306950394101,-0.0696820881742047,-0.4302094120230583,-0.1538537381668801,-0.0947813824614658,0.2564391529703824,-0.0677980041892762,0.359233058903097,0.0771083134660127,0.1542221002326596,0.2921166936746351,-0.1305218876136283,-0.1616309486419752,0.0114142536294246,0.3030145101330987,0.2063472897798796
-12.865280810545856,0.5714979600092805,-1.8808546247545237,-1.0622634625173455,3.346950075372173,2.7810271581032056,-5.247990045909384,-2.40424462017902,-4.604719531782076,-2.9123829696159635,-0.2929897208442287,-0.9835990208410474,3.60214045969626,0.9294142475540272,-0.2808196024577511,1.478705146311187,-0.9818907204429226,1.0149963480112292,-2.66853398581269,0.5530511588970369,0.0015238951229273,0.0024086780662264,-0.0010081629211978,-0.0005531032159554,-0.0007878492843455,-0.7773429352698318,0.7573455081209977,0.1307120607089844,0.6447892573820785,0.0772872628061753,0.3776452328588177,-0.054308820046329,0.0744708839363734,0.1041535570840164,-0.4094602780020027,0.0490254663108929,-0.0601702843022147,-0.3722158831036282,0.0936907506462284,-0.0839775421494727,-0.4027017003642544,-0.1969171776787787,0.1104912646075256,-0.0986514094548109,-0.0450440107124148,0.2075327992572557,0.0549488980841909,0.0091959505033138,-0.2360694766015132,-0.0796428758970969
-29.693903567044373,-1.2580825580258643,-1.8316021157907707,2.961689326510902,3.371747453814418,-1.2034389216543695,-1.2018225530433868,-1.2786195237727511,0.6580171501696758,-1.876910144569952,0.686683559652559,0.6672304303180931,-0.2506034326272739,-0.61369303516177,-0.4245305060275997,-1.2148801692158528,-2.089579918749967,1.194527516099059,2.4155451783220507,-0.7561863474118585,-0.0032988039281629,-0.0001199018966172,-0.000123531995174,-0.0009243130616889,-0.0009634271340713,-0.7605597142681699,0.3222432634875394,0.3449738410127542,-0.3056678759691099,-0.5298344547497021,0.7759293083854928,-0.5172981136082488,-0.12942485373987,-0.1698473130148841,0.2670548441776619,0.131725706407552,0.09812799591194,-0.0106391756065578,-0.3070784314009382,-0.0616295285280335,-0.1068299473369775,-0.4423450060532812,0.249917493724552,0.2660267206186033,-0.1563768425645418,0.0605237534365919,0.1854815084598458,0.3909593508749327,-0.5596687296665239,-0.4555832594811427
139.67918742728716,10.635479733023349,-18.78457599887059,-18.630246019230327,10.133973364585582,2.447898081465417,-1.2484366532614153,-6.61722195879408,5.117756119825866,-6.211438759887495,-11.657993849683349,-3.7018773946660857,4.077423948649044,3.3118203762935723,9.649139272768968,3.5630662809279343,3.22264377127698,1.2761899955143268,2.1536714533079344,-3.795236663797253,0.0039182457822519,0.0008632568088115,-0.0001447285512461,0.000681816951257,-0.000217641805129,2.269908157959508,0.5399702912498491,-0.6131311307676702,0.4468692833955974,-0.689402110265463,-0.1926851669437145,-0.0342401748069092,-0.4098679171436135,0.35419342925615,-0.0536454867497146,0.085357307000741,0.0418576405721824,-0.2250742721159851,-0.1256452460530631,0.062842372111519,-0.0205334360013286,-0.0694000039391673,0.2755275874920055,-0.2707181352037697,0.0564938608569365,-0.0866334076008313,0.1903075718044244,0.1339792518881702,-0.4681466338525101,-0.1593248461913978
-24.545794166692698,6.17985296545074,-2.237967368490928,2.379646416060821,4.367622979765912,-2.482733339269291,-3.3818323334005305,-0.0747599346136288,-1.071461338996007,0.507635235177577,2.537510883556651,-1.1999793303666582,-0.202775438648562,-0.077138665567308,2.025835757593079,1.2840227992084083,-0.3551140835551887,0.0730871654195776,-0.274940380378656,-0.4980346213689505,-0.0011294132442744,0.000520828532158,-0.0004825995520089,-0.0004809435572324,-0.000476615819841,0.554767548231184,1.226308674118446,1.543277125543504,-0.1562562091340554,-0.5796525252186011,0.0661740708249152,-0.0716456761192619,0.5620494913618136,0.0482814627376531,-0.2635239363919803,0.5440305101136439,0.0268034620807426,-0.3955802642194644,0.136837989749044,-0.2658889913117112,0.9476307913710234,-0.0018876771945112,-0.4070551697416462,-0.3737975463268659,0.2096593893962754,0.0718730457840669,-0.317078794229576,0.2006302512875898,0.3472141348209707,0.0323250749733471
-2.5502191021706846,1.0504858665240746,-2.8749672935293265,18.057328532751285,-4.216908852382929,1.3126783831653313,-1.985008431480756,-0.8829905205174771,-3.87213191056576,2.359890666089989,-1.1931207804008137,0.7220061503975702,0.0006632648517403,-2.6558312872014462,0.6742193779333829,-0.7543867026797079,-0.4965654863838308,0.4050860483357878,-0.0436351299676515,0.6059802779298615,-0.0019775898694705,-0.0004662124357193,0.0010544135445508,-0.0009552203401861,-0.0004513840368246,0.2312664541898889,-0.3196202026878864,0.8822286376515045,0.0515922014737568,0.4148312441545304,0.0920045373480825,0.0239792233087517,0.0299191621145863,-0.2873728219422768,-0.2874695804510573,0.2041959447377939,-0.1372941167290732,-0.1336251448034403,-0.1832325300104565,-0.0682864127577008,0.1354496208573813,0.1704540915205115,-0.1789547904922116,-0.3254507927756371,0.2155724760893488,-0.007649462576824,-0.1280222372887543,0.0475206820119,0.1504812895475697,-0.0963531496877931
-23.27171751115695,5.24581650183543,-4.0030141575234,6.500856794086512,-0.6210556090905512,3.410269612593438,-0.1003827396639329,-0.3105991256793676,2.728826034499758,-0.6593518126518048,0.9098501518664052,-0.8228226233592972,-0.0881820298894419,-1.7462794301089395,0.2138894968513522,1.953978748320453,-0.9340575399809554,0.5891468773979291,-0.6295388025190718,0.1771966123057625,-0.0013970672209217,-0.0025100690726357,0.0003763870270301,0.0019350342613637,-0.0007061656758357,-0.6250458323279829,0.6821110003432381,-0.3619461581508709,-0.2475893861287152,0.2708354269745186,0.0625931078616303,0.2088904669404452,0.1720455968114556,-0.7032426531874536,0.210931702630185,0.1349221709755337,-0.1311974120778505,0.1168732497406124,0.0422366040385512,-0.0474924466522567,-0.326410106641273,-0.3171622618962074,-0.0922397687293027,0.1048731474876372,-0.0638528691488996,-0.3946113771827595,0.5339625583107237,0.0174544793981516,-0.2970550814296753,0.0907015861866583
8.82924446521328,0.2231792830789375,-2.0917702363545048,2.708460984928951,-2.8091809147038185,-3.739678497993442,1.157732679682956,6.854844862185695,6.330286751335625,5.3009402252466,-3.2816076573400257,-0.2118720961753708,2.110433435968874,-1.205670698613984,-2.283026167582575,-0.3179125857330619,-2.041116239274277,-2.542714506374569,4.888861618886129,-1.333773948975754,-5.481438877334531e-06,-0.0006081886764906,0.0013453807535273,0.0008832421070647,-4.894482447384582e-06,0.0919895236168222,-0.3284097962201776,0.0059476856567294,-0.2972127246761373,-0.1105872806853518,-0.0987489014526828,0.3765618578504074,0.0947600934560231,-0.1906561899075866,0.0505846258090712,-0.1888814255493943,-0.0292077908680843,0.1692425647697293,0.6176769908818325,0.3900519304218837,0.2470692864363795,-0.1073508487551007,-0.2278458752390275,-0.0745238198591568,-0.0489614110224375,0.2753254139648083,-0.1490065582707169,-0.0638880995437473,0.1656307832810418,-0.1122299166818638
-13.37218280100692,2.2708120711171063,1.3352682435427312,8.850121110749132,3.5272798846134004,1.9878380837939416,-6.625676974385625,1.586376132302179,-0.9773983146805092,-3.7520025566991295,3.9176627742050143,-2.139232461582803,1.2089926923866172,-0.8096197186859995,-1.8641217392721008,0.6791411433217912,1.002553436639772,1.621480431438825,-2.5373709357959013,0.4340995479601551,-0.0018340895884315,0.0014532457321782,0.001436133778416,0.0019542372525914,0.0009611295923826,-1.9240443889948615,0.8353133205382802,0.1340725810072935,0.159121178681093,0.1697853084593172,0.170566915562134,0.0478174795058199,0.1700456482161272,0.2270058606422874,-0.232721983156228,0.0728838286508603,-0.1036523892122272,-0.5328347679312003,0.125999359442448,-0.0490237906348328,0.012420940545156,-0.1938259161033521,0.0572423183556332,-0.2285650538887535,-0.0089600511163562,0.0973831010480813,-0.0713642070615449,-0.0019440465703577,-0.0184450382493507,-0.0566931249716709
105.4834265907224,3.778545350624748,31.420558653975345,18.70616276099313,-32.67558995460687,-8.096989690856388,-3.191355534931144,-7.721627161104777,7.850336713920833,-5.981336105958254,3.639415678484124,-3.0720750692434504,-6.002530157585736,3.6162296991166976,-5.352359740301357,0.5929692386311157,1.8761895611037325,0.1017818215335429,3.803136266818475,5.125631280842793,0.0033271793977118,0.0007725427667598,0.0001757726681038,-0.0003014616908714,2.2461783545676093e-06,-1.094354963698786,-0.2700726612013061,-0.2819284602373559,-0.4516641102016878,0.0528555236778267,0.1662086633166526,-0.0875515342731311,-0.139656149768113,0.0678415499422575,-0.026440640294043,-0.0072053178718465,0.0077654141799047,-0.1085593761271092,0.060888607096507,-0.0561659578683852,0.0034028073587162,-0.0575245000746281,0.0466077430316495,0.1036765072686493,0.0108568845283156,-0.1860318951617802,-0.0480259611559617,0.0208171128058138,-0.04768861830961,-0.0045964112196199
-20.669009239075717,-6.413115922160226,-7.266326882088362,3.2855597817372617,-2.781550837263689,2.931161617379005,6.9677993691209705,6.3708206479210405,-0.5912194149289579,-2.3474399978962355,-1.996001896791216,1.2779065724118892,2.011234556788618,1.0184654919616185,-2.388951511531607,-2.962262003672233,0.1433576228989725,-2.3856817298717754,4.523689528569665,-0.723799224107596,0.005465706779967,-0.0027563100822528,0.0002361253803337,-0.0006696202901751,-0.0009895413729125,0.1672891810373498,-0.6282243027255687,-0.8269202984705916,0.6702704435397357,0.5205189435822313,0.1461621889936863,-0.4395055205631704,-0.3720309627002433,-0.5188552802803734,-0.2338000730462045,-0.5588872416374494,0.6059830558070515,-0.222637270481816,0.1615056791738996,0.0044949374704717,-0.3112654426644592,-0.1226781074640696,-0.0838728447648405,0.3426652109820907,-0.291431771141143,0.4860127057070751,0.0530991140620459,-0.0550005762992898,0.4964135171553695,-0.4473105813952905
2.230373687668718,-2.2349272180054456,-0.2282707522654334,1.9690603865585772,-0.0130904881230338,-3.3157501376366936,0.1074097573434008,-0.4656231214010188,7.530188963985623,0.8811312226414802,0.8094038173323217,-0.1113937215216992,-4.40012528330623,0.231310705350986,-1.023273808352027,-0.3664804942853168,-0.0234273581403661,0.4898557767052172,1.3265337834116102,-0.3854631895125667,-0.000658215375923,0.000153240644803,-0.0007911100157318,0.0001386316305168,0.0009474525390655,0.3361281949521149,-0.4064089949738953,-0.081056242070786,-0.3850116429030583,-0.4347587717639468,-0.4657672924171848,0.4218297488668435,0.0732312175157084,-0.203765501732326,0.0686091869958888,-0.0621331757864137,0.409312383796685,-0.2507351810349661,0.3559012891310695,0.2888025058992871,-0.1883602488474063,-0.3448262280129585,-0.2120019567534129,-0.0220516289698831,0.4507562269989405,-0.0692911212292272,0.0029600973755192,-0.2318008761282433,0.0570574783571188,-0.0289540437227202
-34.90147846960289,0.057842490540414,-2.5390202098149377,0.9986246299600282,-1.773035484035811,0.0286156883819195,0.6027028581694654,1.482058257396485,3.35635294897894,1.306463690849809,1.9282089636830624,0.8282934130125467,-0.767375099390075,-0.8043596455094002,-1.6473122834316902,1.4507488983728227,-1.249031135507087,-1.6012872329504693,0.7425330243234206,-0.0494260177224742,0.0024365340290368,-0.0021331699656766,0.0020085913858333,0.0028771261705191,-0.0019165308894863,-0.3969413837667702,-0.4972058815619862,-0.6072659628316436,-0.842029955866672,-0.0858069214676822,0.1267461427909437,0.364465386206352,0.4674218282166655,-0.4931235423855428,0.1925295110741174,-0.0946019117679575,-0.0559477976904737,-0.3580053856465216,0.3356764176745561,-0.3456157364371423,0.0201323648027227,0.2448304822972767,-0.2322870476975239,-0.3064037668306901,-0.3495287577014307,-0.4218751349870921,-0.3206784215804542,0.0836078936712609,-0.0139330415415832,-0.1714246420413768
-39.68928381388472,2.8907054053109897,-1.4071363212456949,2.1680161687613224,-0.2029741834764863,1.1492108798677276,0.3615373418252459,1.3051159763992684,-1.3007220591915831,-0.0679404130360324,-0.7945316689637816,0.5534733462705079,-0.7247142264733474,-0.7032952485715694,0.718894341304924,0.4930672925395165,0.0213357836219597,1.1822948144675012,-0.9334433184201866,0.5946073327735684,-0.003817534055597,0.0018530337919727,-0.0010547623675884,-0.0006415123077266,-0.0026986120106053,-0.1675403510151602,0.2968944415431818,0.5946333142018334,0.8224205771230391,0.5663083549765449,-0.2941576709590197,-0.3362760491082746,-0.7484286406360859,-0.0475986769876115,0.4388465505334731,-0.4975169705246389,-0.2153908280065593,-0.0340812019628936,0.4890837818547674,-0.2954548715510757,0.1869725439103291,-0.394943991219285,0.1715402003295885,-0.2531354237070604,0.7916839141395061,-0.2885513858799441,-0.2694830303857311,-0.0014975541549361,-0.8362285380739127,-0.0623504024493048
-23.04899190179414,3.475266680899784,-6.360994180826457,1.9756792382009865,5.654088726476247,0.6115007705842785,-2.443300928354487,2.743552881842287,0.3888339492898914,-0.996348960838172,1.661622053398001,2.23710110626164,-0.4696761524436328,-3.185616942347311,-1.29731251823964,-0.2766905991225079,-0.4698140206109196,1.614353915991643,0.9782003958407806,0.1711267108203657,0.0006960536500123,0.0017013690044971,0.0006587152287928,0.0012495199357295,0.0002743586867686,0.8676812446097726,1.0060307763548009,-0.1061355307891336,0.7629879960169129,-0.5871573289646312,0.5571699942197397,0.145134857236981,-0.0361356300884267,0.2778409669589387,-0.5743587937678654,-0.4894083120205181,0.4380771658029384,-0.6049273982024601,0.263703013530879,0.127376769022455,-0.1072419652102702,-0.0539483853564997,-0.2836215356255021,0.0547526042452857,0.3108514801271403,-0.2568818940683925,-0.0168504620352321,0.2813275097264702,0.2060576000018095,-0.149001114814153
-32.463889999420886,-2.481433080265636,-3.386734734920932,4.426589079605855,-0.8792267410799544,0.284560358258901,-3.707018470198281,0.8466847628977767,2.57376243692463,1.1372686792054445,1.3076845326423632,2.894867459395469,1.7475408790005724,-0.4341534537020252,-0.3056056476373284,0.1954781699931058,0.0248687230709628,-1.583745841224561,0.2003884028257342,0.1645308950663196,0.0013169744667302,0.0003477463778229,-0.0014269681750906,-0.000403262269814,-0.0018981567689954,-0.961346486407058,-0.0880366261438692,0.25380600634694,-0.4918825668620387,-0.363453096180091,0.5698697135602666,-0.0398273560467009,-0.1163309079463426,0.0368617001341685,-0.5442458331399251,-0.1496612431489186,-0.0820891898831816,-0.2007697599338267,-0.0342444696841057,0.4495227562994179,-0.2974066332963835,-0.1190916270592022,0.2181714652300272,-0.4401150435307219,0.1541921715381378,-0.1197147089932488,0.1912908727145091,0.2218228398244753,-0.0285529986288091,-0.1642044773597323
-11.800599514998456,-0.4993700107455807,-4.952461925561494,1.2382024771556497,-3.2476123585622,0.4248364310708586,0.609382670183205,-3.313136977815052,3.714676005214668,3.0178687813710363,2.742722531480533,3.907280151861314,3.653613779714653,1.2545551913421893,-0.6797372112550055,1.2088790906505098,0.2524870139254861,0.2076719433291283,-0.2935702378210259,0.0839826631424311,0.0025135346404622,-0.0012234472820698,-0.0008225142935233,-0.0018633539322081,0.0019655453668599,-0.5998310114628167,0.0392756092269524,-0.6900254253932697,-0.2393295282868377,-0.2973619169915153,0.0131520592824905,-0.0406097795256829,0.1629401638484035,0.2549730824653336,-0.187591100207341,-0.090911507612743,-0.1135644179747155,0.1338644063192593,0.0510935624525961,-0.2332119430714981,0.1622563012752026,0.2476288262194681,0.1660545887358259,0.213519013602627,-0.0751437556343851,0.0500668787587577,-0.0890962156574153,-0.2420741874738053,-0.1235470300203988,-0.1398833181195695
-9.7750557673704,13.9132904089327,-4.6913238642633255,4.76876741986435,5.437071285520283,2.244836383014016,-0.4366136721115453,0.2549329770427107,-1.043249681596416,2.466687984354503,3.657167892710513,1.4114703185329147,-1.0168805351576713,-0.6736478226240619,-0.2748875338531872,1.5691572982124604,-0.233782873397815,1.798186609225371,-1.3748414396448465,-0.6926102164785563,0.0001618030058957,-5.679545783562151e-05,0.0021418654495922,-0.0010223948149827,0.0003864602395951,1.0743005380355417,1.7115109070920145,-0.0014387979990519,0.154730334159506,0.2600263466663197,0.379291863032005,0.1556293265806138,0.1943095016864291,-0.2883344168878433,-0.3039750123195847,-0.0598050481643771,-0.2435086361993414,0.7273491871654213,0.0416011438346141,0.1332337621551824,0.3192097684461532,-0.1442919590867149,0.2867161278341178,-0.0720241847277293,-0.331453505980001,-0.4995112213924254,-0.1826772240957301,0.2391408159066448,-0.3688294003056696,0.2521701698243063
-9.984892646524084,13.865214735717643,-4.669049727881686,4.742173592044107,5.563599172023741,2.2797657605852275,-0.3059170844091067,0.4343212745618446,-1.10540623613152,2.4229659145273152,3.9340068378872335,1.5183119286962417,-0.8970269164542755,-0.7216682994671526,-0.3295320419819704,1.6275418589129662,-0.1232341512161051,1.7455362726398518,-1.606286762763639,-0.6641628113522402,0.0002780066677139,-0.0001072966717451,0.0023127687820351,-0.0008883601578452,0.0006210611985221,1.0326549458335768,1.7209940827334356,-0.0209507700397495,0.1510173309986488,0.3101332821047394,0.3905366831721685,0.169474765686965,0.2080601678608756,-0.2498639903756938,-0.3220292858610404,-0.096264983295739,-0.2677564645456883,0.6780133023510516,-0.0264659855855328,0.118677964240891,0.317724640344493,-0.1176708230961949,0.3004409503430536,-0.012000253824441,-0.3455770824533023,-0.4763021989342494,-0.1640328894172312,0.2589842056691939,-0.3897877805882879,0.3105517995458584
-28.220686433040388,0.535902064196231,-0.0961435573498871,1.5788872475462454,0.301587962415242,-2.688561559570816,-0.0056012192868104,2.5711936709894694,3.604038329952705,0.9990874731419904,0.5283016738343349,2.5329147840681303,-0.6297124191814352,-0.5554407619469381,1.7497210227200788,-0.0493053076234901,-0.2811647018288511,0.7845498112210337,0.4534777592064822,-0.5576490059973165,0.0001491369922045,0.0017132580495581,0.0010921509173835,1.1962196423335352e-05,0.0007182617417345,-0.7310680458469365,-0.1901110012363568,0.1864001967332414,-0.2498621707595663,-0.2728708005707808,0.0102739137209225,0.4455470192547451,-0.0778708871817064,-0.4016870318897638,-0.2542573818189064,0.2545584842485789,0.031518196768876,0.0439895622976837,-0.1931073719920138,0.2010024887107684,-0.1135406913445549,-0.1440561929085635,0.0441268582073777,-0.0206348338974257,0.03713091336901,-0.2146951382949554,-0.0264164060415305,0.0465822802492748,-0.0375713975879294,-0.1473638721598494
-32.0372189599952,-1.1541848306924054,2.693973143709468,1.4266199034965916,-1.670268817827986,-2.4937508761620686,1.1120554661823463,2.560228253194827,-2.8773918717122475,2.5196466880573074,-1.079940032037606,-0.4090925457384062,0.2596478084500312,-0.8827791317032159,1.6396023148851884,0.7289883224270496,0.3246780751153538,-1.0659340312588317,-0.3349598630068753,-0.3332635375196898,0.0028535262405285,-0.0022466358593813,-0.0024462832001028,-0.0005335522220605,0.0001540070882285,-1.4129932935915053,-0.5502938239150941,0.8133053488686937,-0.0716105519331866,0.2577428283779725,0.0601966548378412,-0.0126110743825345,-0.2600061188111174,-0.1923901940853306,-0.0291069238703288,-0.2201052690582157,0.0001418537268581,0.1748015738630443,-0.1611909832686216,-0.2008376851983956,0.0538130832129259,-0.1098523212508006,-0.2229843862159408,-0.1040258295079779,0.0299190189506507,-0.0535783948526644,-0.2153629883318276,-0.1400030313164977,-0.0678727082942529,-0.1974676791208895
-29.040811060713924,-4.462876408857927,0.2855966605097109,1.2172314751262796,-0.7156403373619975,7.827441547217836,0.6273857145863018,-1.42886987022401,-1.774568288039702,5.780925673120995,3.3380857451705004,1.103257252319576,1.2346245515945364,0.2189207339171778,1.275026711502126,-1.3141486701125706,0.8378095749518253,-1.050780672912622,1.0240584434460858,-0.602788590340818,0.0129617479836583,-0.0022054393936684,0.000326841075194,-0.0011666763949559,0.0019073564220186,-0.4330037614263372,-0.8317274549559892,-0.0916945689645108,-0.0274447226813969,0.3682313352246923,0.8393918681405634,0.0702184655038823,0.539088819875152,0.2802162173731498,0.0814316736719854,0.5427652506051284,0.1332416704800491,0.3500259251399782,-0.2757199415085214,-0.4046066707479352,-0.4684252082741943,-0.5226383680173247,-0.346034461779926,-0.1331651657186586,0.2812381043973159,-0.3707487897032843,-0.8528800549708314,-0.1837556311120698,0.5008121024569601,-0.1040774569252117
-32.55351894568117,-1.622449184494732,2.183795422559959,1.7353789850626,-1.1440847690648606,-1.6805909551252691,-0.428005879006667,1.9837799291086715,-2.3105492372182104,1.1415102567666409,0.6857632025545017,0.6792513169662812,-0.4562749018786613,0.0107074616890829,1.6391088280460997,0.4989733262459184,0.0051966491811683,-0.4338567685225293,0.201453744978164,0.055048010854543,0.0001163788616506,-0.001530853835906,-0.001138148783021,0.0009947404404044,0.0003436087620862,-1.6888284620636334,-0.1700562283994243,0.6144762613505154,0.1572458001282701,0.0948541257420428,-0.3688466508703057,-0.0039595410507469,-0.0252303215954939,0.2222669463080758,0.086798381256857,-0.0321982014345792,-0.0994674232396705,0.0329940268364558,0.3009772352484714,-0.2299453286349122,-0.186561549696729,-0.0917567484482794,0.1926590727852764,-0.0518084634844559,0.0854477372517426,0.2385741209529227,-0.1462867934278927,0.0713997684010788,-0.0540022205610925,-0.0933725053538492
-33.98548280701383,0.1386695000962021,-0.1762552430587025,-1.7573662145445497,-1.8607729762814955,-0.9143202678938858,-0.8501048923485525,-0.4926570615936851,-0.3556853408196343,0.2154358869426844,-0.0841352283855658,1.229358328394106,-1.4164137895603852,0.4670426886035208,-0.7743197415024514,-0.8190024703909816,-0.1051285628279887,0.1516309676637031,0.6795355492274371,-0.1575368814635421,0.0007369837997249,-0.0003656108268849,-0.0009421406539002,-0.0005759981760512,0.0003728505826338,-1.0540131480088488,-0.5017263502547715,-0.5391201116393647,0.0308288667265454,-0.5538725844157523,0.1165354291535525,-0.3875999986288158,0.0623773277387064,-0.166665123192089,-0.1016868386967167,0.3237102219743855,0.2771392088218197,0.0079808285464445,0.111527586979702,0.0392450386796751,-0.3263551805725742,0.2251571977708897,-0.1151719360707582,0.1712659287611022,-0.1290181648786793,0.1581987687697572,0.3850121620704271,0.0844254656178058,-0.2770050431743293,-0.0035929898303915
49.94991544761852,17.027829401343485,2.4264078962560425,-9.473758818623509,-8.212400887932821,2.238743617755221,5.744243323587018,-9.488914526296126,-0.2505574474986959,1.207733590478495,4.565515412436492,-1.8160440124968689,1.387466101965691,-0.8831789947108737,0.3350847938781061,-4.303394311283372,0.5307712497657633,-3.521071515645178,-1.580910628059656,-2.7717439088045013,0.0008108779614939,-0.0001677200086056,0.0001418599130502,-0.0002725998714767,6.885500590180178e-05,-0.0180794283236079,0.126036777572632,-0.7770557202401568,-0.4870150580557463,-0.0460979357672747,-0.0213530189105083,-0.2170767848087024,0.1595501128888696,0.0829944593924682,-0.0766874100941121,-0.046772641164041,0.0380679426458677,-0.0174260668414668,-0.0342325604136952,-0.0881053922348087,-0.1193183257445298,-0.0167592567508828,-0.0992050480540603,-0.1519278369886227,-0.0435937723848051,0.0119976209955454,-0.0413891365103498,0.0063353306625436,-0.0157218595162922,-0.1354017738517528
-29.413299306837438,3.6104666545719497,0.068709981866473,2.482315418970024,-1.1353935524661831,-0.0026416958167719,0.3626383244167836,0.3497965711087559,1.0011743399274546,0.3505128484407152,2.150751407239426,-0.3421906301397094,-1.9729216146091293,0.6400777086864633,-0.5472971216323342,1.5598359852541075,-0.3589107097675466,-1.082808392413114,-0.2594062759904957,0.0041668792856406,-0.0025930253489264,0.0003632038137301,-0.0026022342440478,0.0021821889988888,0.0017057232313588,-0.6261324452238909,-0.0236024189579625,0.1077782742790221,-0.6491105359558796,-0.057276629271023,0.2440375204092228,0.2002813775231555,-0.1267384876362647,-0.3312159971837872,-0.1821992406293482,-0.13548909122263,0.3269677572907395,0.252973657726994,-0.4190871648604236,0.7400889879795322,-0.3945072805073041,-0.1409788180884453,-0.0309096178881981,0.0544609566195999,-0.3305516902890802,-0.0902877236301832,-0.1837397338304121,-0.1542705196979804,-0.0456718649246053,0.0304643731728021
-22.40768265652536,-5.7603721171756135,-1.3086737730034508,1.737548167851535,0.6895453904266893,0.3248536938267974,-1.6216549380819776,1.6814377876604936,2.2853027759040563,3.101013887334086,-1.0876124494408506,-1.1370886816839914,-0.6076853965146325,1.09766427014307,-1.6422032948359335,-1.7081920598488989,0.5236511543242234,-0.5504117597534994,-0.9764760571986808,0.8972073949745364,-0.0001867437010357,-0.0011725216433179,2.3660237783308828e-05,0.0003841798109004,-0.0016368177413522,-0.5286576453569981,-0.3378633760546787,0.4635024570765348,0.0019529892604274,0.1688747491337156,-0.0270585358795535,0.6951446087816373,0.2524603513370766,-0.2903580822091646,0.1507793786146243,0.3648756162925192,0.3036351274668007,-0.0718855962849996,-0.1051915133291691,-0.0621411085372183,-0.0499826029308939,-0.2713116694175479,-0.3195889433742414,-0.148633444447536,0.285864102025019,-0.0212163738202543,0.1860284872607687,0.1332723629063322,0.0829178361195366,-0.3248482515516542
-22.59590835377866,-2.6816706429267234,-0.9706615378822762,1.9005180748047463,-5.3312604971378725,-0.3636405473737579,-1.9629663920118816,8.450490460800015,2.850773782226044,5.862337454865682,-3.998403940852419,1.356468579626735,-0.9577599259014714,-0.7677489967726521,-0.2468852712530194,0.0379277156074805,0.8082828964821482,0.3618068184820284,-0.3839243250583929,-0.3711539648400042,0.0055268754603651,0.0005510562822148,0.0003446765000221,0.0006796139019666,-0.00040343699567,-0.6721702342128685,-1.0307800750150244,0.1799422431986585,0.2994650935601242,0.4988320186838234,-0.1971207818697334,-0.3122998346859266,-0.4409250608456005,0.0170245109973863,0.1202582652028978,-0.0265947202695751,-0.0474414679223576,-0.0530869257708101,0.3130137236056445,-0.0984669610193913,-0.277301873634324,0.0823005974311122,0.0341933246162074,-0.2639201567966804,0.6423975588370044,-0.297496241949356,-0.0162065971264227,0.1090736026810083,-0.0713435396405296,-0.0412304863867358
-31.36921371222273,-4.3951061839557,1.4449326250550736,3.792858280235536,-1.911506427496364,0.3975215469786832,0.4293076117137197,0.5353305785688484,1.8151716992382168,0.5941344064293053,2.332123484074619,-0.439378519795104,0.6565906819884364,1.2610523840405212,0.0182025813143821,-0.0210980550119172,0.2374419132393597,-1.4369540077123852,0.0918698476012371,0.3086344586170684,0.0003400014451133,0.0003612943810314,0.0011220550627636,-0.000450796524126,0.0014860492919108,-1.6772818855661191,-0.3031765510502776,0.0525764259738219,-0.6709313215324422,0.0991890184965632,0.2394859411117075,-0.0173142687081656,-0.1613682736745209,-0.0091863650848907,-0.0475499886943743,-0.164708635448768,0.2143136155239445,-0.0414255564370762,-0.0260990676638117,-0.1779222815737821,-0.0445459291418401,0.1279645012779187,-0.1878318690784191,-0.079696448928531,0.0904273839086172,-0.0541628681984787,-0.1497431233440093,-0.0391459250483254,-0.1887077388010161,-0.0925953708566578
-28.933751411518973,4.145430753780487,-1.3748766408000344,0.015499164919288,1.249192987370131,1.3617964034269832,0.3456000960280783,1.0960299575998549,0.5540111859073201,-1.724856428655737,0.156456729607739,-0.0228116239071133,-0.7031017827624729,-0.8424020400711729,0.7097988244419426,-0.4475310522051267,-1.0948301413343369,-1.8680343020076,-1.160708475948221,-0.4087331681911536,-0.0015471701801773,-0.0012212633515177,-0.0004974932531226,-4.933152638393436e-05,-0.000390080900845,0.2233481749461302,0.666782445066452,-0.2191437088958124,-0.3853560510145341,0.5318038219759228,-0.2506442799939599,0.0515743690767759,0.2794344761857092,-0.8030588461647301,-0.1163645369337534,0.3001097571001486,-0.0422077378037042,0.0507010951055957,0.0610067848422036,0.5936078069780784,-0.0856827866284027,0.6296179109834408,0.2607304386779226,-0.0050220050109976,0.1155526235953879,0.2559941313256167,-0.2088195086620393,-0.3060408363869809,-0.3124314372562596,-0.1062660000198732
42.42237053688239,17.610057185877892,2.724257613277869,-5.9155670719253965,-9.70172144980353,0.7241535924550258,8.381545749617535,-7.895767402405118,-1.846067173507,3.6438826475017816,4.563645656097362,-5.852483044592499,-0.9460439177698022,0.6429068186859307,3.1821926780560705,2.209578800525445,0.4768257637446133,-1.281005204424484,2.026005216397818,-2.3476257116557906,0.0001978571209611,3.546535257429099e-05,0.0017467326123517,0.00186427777101,0.001281985811401,0.2243483031589333,-0.0780899731826481,-0.7133504163580267,-0.4244918567517698,-0.0914813458414683,0.0402423651620144,-0.3355594358127614,0.1837601862687339,-0.0993207681319961,-0.0439633815905075,0.0809592190471336,0.0324856169686976,0.0328077819182967,0.0388371062191126,0.2051950229134143,0.1280631770523435,0.0185811402560054,0.2078696489880026,-0.0593307822999508,0.0312856906557053,0.085643199285803,0.0594979803080745,-0.1500089553734767,0.2064594982076246,-0.0168522905176612
-12.58672095847854,4.571725706183161,1.7030533905503529,9.18140490175185,-0.4153669335188753,-1.2828051698390663,-2.9614550225728595,2.931188211626286,-0.9278813020373314,0.1257338932299597,-3.965446086227131,0.7594132103402309,-1.32400141607016,0.9745761853282005,0.5000585377521077,0.6962536698400331,0.7001513977622476,0.4823805507896515,-0.0499695303831865,0.6357795967224809,-0.0026589218872136,0.0005081823063722,-0.0015853182682354,0.0009126525923553,-0.000878164937252,0.9869719096645267,0.0536531095389352,1.2057154668193932,-0.2734592744022313,0.0270941689926993,-0.0226861920063497,-0.3267187887309256,-0.2518616425784826,-0.2994645822593376,0.3415731754108571,0.1096394369834661,0.0030550303643687,0.0805987487733434,0.469790399707346,0.0279420568898074,0.0648579969361736,0.4014265327909526,-0.1572220398333561,-0.351639497332068,0.0033337792989386,0.0650699704772661,0.1651717027762165,0.516699473612733,-0.2279682687135102,0.2950128894239554
-36.47311209914724,3.114373893195705,-2.2188110162047403,-0.6682342529394565,0.977822813365967,2.017042750994455,0.4048360422228902,1.8247586678066412,3.5712740700230774,-0.0881762192715012,2.180126628949981,-1.9140037387946212,0.3706896538236828,1.5187446697057183,0.2326365975353385,0.2575579258920409,-0.7268997516967962,-0.6347726510300942,-0.3868635760210941,-0.2658570414577237,0.0021169881837472,-9.795936324165704e-05,0.0023521167142644,-0.0019870838398684,0.0005433554463879,-1.973970065337061,0.66903227403338,-0.5621155736983202,-0.330068753010908,0.1717005385171166,0.211230992620762,-0.2249525350803795,-0.0540695554876848,0.0187618618663699,0.1258624078800294,0.0909976136524511,0.1101171367007247,0.0624903481515947,0.061437364254692,-0.005803047661049,0.04288138781618,0.3714510152658746,-0.2145867924864383,-0.2173282226303237,0.2318394986747166,-0.1748671017987015,-0.2034670248242028,0.1201771099947809,-0.0334326938282682,0.2046864140062148
-17.906207156814514,1.9695140418702348,-2.5098279680170448,4.971883214674367,1.0872457030137008,3.9285820636847135,1.2893368425928302,-1.2923206205339628,-2.348971156498442,-0.2994330697923608,3.890074991052418,-0.9225282281632357,-3.1657056566057715,2.201906037980468,-0.1678134002769138,0.2360392937136446,-1.4773897192301733,1.0669356747901424,-0.9157732923156032,0.9444217549359156,-0.0006477456616467,-0.0006657638004786,0.0008663643790652,-0.0013091934042649,0.0001701718096059,1.3609913651794054,0.1254884203588785,0.1601045851297291,0.2884491964312102,0.4296983613900781,-0.3067564479715539,0.841331373147709,-0.1484822816685739,-0.0005224211171532,0.1614877572098429,-0.2396532079813746,0.2841121330677212,-0.148932626293771,-0.1094833162036635,0.2904535163683573,0.2854075661370157,0.2443279651291907,-0.0500484206256083,-0.3747921972724158,0.0602563772954753,-0.2244528746399232,-0.1100207884939454,-0.2924878716068541,-0.4137137289714785,-0.0360162837026647
-0.0004073973190676,-3.647831579226372,3.2304778873398705,-2.13803710424214,-1.0927580551463765,-2.622269358417437,0.4419748069980264,6.908462932836055,3.4014352224948587,-3.4262968399236704,-1.2396853961975751,-4.236044566786476,-2.0724469925751494,5.130254307400616,-0.764811268516489,-3.872295063081393,1.7940402711698331,0.5736407740081506,-2.0658232246720383,-1.1713994886948276,0.0005558486421669,-0.0009264946801342,0.0007352290631381,-0.0002121592103004,0.0009737990143818,0.8874895807351891,-0.6078019364032295,0.0650165841113476,-0.2925314742658563,0.3056281797122406,-0.0647807070891594,-0.1513130991731907,-0.2859694954337782,-0.1261895909817235,0.6401430761066541,-0.0826627433098573,0.0477242092017374,-0.1188444394005898,-0.0358319370796567,0.1027652351967945,0.1757875575027894,0.1118908972610798,0.1803174470905255,0.1216832634239673,-0.2673494530695256,-0.1178407773811009,-0.3883624886174766,0.3675199537400954,0.1114351518977452,-0.2868025004081554
-1.359637783676096,-5.457128179278491,-7.513220331977771,4.587291121210039,-8.8537029005514,4.532900910400707,11.16915014923198,5.697351832585015,-7.115130348804239,1.223843312816316,-4.79645744932108,7.048245553651438,-1.3355257671743983,-2.7414930839195577,-1.4285806495990474,4.104551572129226,3.408955347326701,0.94555719469387,-0.4700780429387193,-0.6147604951677312,0.0066096714747828,0.0001177168048715,0.0009244219754348,0.0008659338845529,0.0018552349747427,0.2029718730482096,-1.0097371117428662,-0.5672598648899455,1.241205862949809,0.8480990208241551,-0.4688084140766195,-0.0193888691588349,-0.7092088723692038,-0.2106435000529705,-0.4370213217172898,-0.3909469580333377,0.1172703018644746,0.2923378400095814,-0.0401273213432155,0.0357709463710839,-0.0256488572100767,-0.2196505717383899,0.5556067020347762,0.3951339449509327,-0.1095200870926712,-0.2908135133891256,-0.4104492015128784,0.0913994185899086,0.3141911171772088,0.1310312327006247
25.279246068747764,21.80196336488443,0.5088236668097516,2.2347752124260203,12.733353112768723,-1.429645877277243,1.7906393356528991,2.0446467801935264,1.112440617359979,-3.2269774465177394,-4.439448380078852,-0.4806961901524594,-3.008375020193062,1.001576068067687,-0.3706867908159913,2.1585760397348954,1.152661616418457,0.053642166174809,0.0477793942664765,-2.186221531235824,0.0012519180922443,-0.0013371231273959,0.0023444566133571,-0.0006219700619141,0.0005332798108385,2.6537525503306405,1.6305191876929437,0.3288425234464059,-0.2865588447801495,-0.1130292117660559,-0.0530661847786538,0.1198638862986765,-0.3611266569346025,-0.6050085851354444,0.2389144860563216,0.4061831859365429,-0.0723857096771516,0.602769475168632,0.2850821365440768,0.184060144278516,-0.1639051190465096,0.0117183037264477,-0.2244538481124448,0.2992473127150741,0.610187629122921,-0.5948822118481443,0.1441436096063288,-0.4030304641504425,0.0718378861579023,0.3709393440603656
-22.435635858933573,3.015768138702089,1.3402597715364446,-0.7383221467198754,2.183534558900541,-3.1506153697046075,-2.035209525659431,1.705526406965597,-3.541130831710319,-1.1829029882704498,0.3407172113980201,3.457384818997331,-1.8715091300788476,1.6951025535350728,1.4940700925362371,-3.081778947529047,3.551761768515846,-0.5930508239205917,-0.4713790838739378,-0.9600382426997262,-0.0025483800536411,-5.4456055320524266e-05,-0.0013608196432412,-0.0004036740492655,-0.0013038923987427,0.1319632696061437,0.0893948648036969,0.507859852713572,-0.0082197141728523,-0.6978435681071494,0.2580508156443812,-0.4317184958044456,0.034784079598824,-0.181844582849576,0.0841333408801152,-0.2752514471172516,-0.280810180708246,0.4669260057713972,0.0673081076859136,-0.2683224989523636,-0.1117558668695259,-0.1812434386513407,0.1533182985765849,-0.3883033888836305,-0.0905395376458852,-0.176749425063643,0.0456376733538318,0.2339672259909787,-0.133090673980169,-0.2736302931102166
-20.877816884612784,4.112775035313409,1.5942406595623315,-1.6053684453901995,4.044711771073862,-3.625295856969385,1.5131960219590457,1.5145360799492749,-1.1952184637228354,1.626133818160607,1.6464519729330682,1.596325486931848,-1.695004453389814,-0.3365828549999246,2.45938210035737,-2.8802983712612917,0.7033692030749052,0.5258679084810263,-0.1297561175451301,-1.0650254538213713,-0.0005601825873339,-0.0003580694650353,-0.0004246962923373,0.0013398139754831,-0.0005099187064059,-0.004020736049048,0.0936530197168276,0.4796826846865549,-0.3017582975650538,-0.3351738243048264,0.4259618326949572,0.3178832470121316,0.0771031341654912,-0.4774221138219336,0.1105538609290653,-0.2477455245037506,0.0256899537735119,0.5115138635462514,-0.4086492111120664,-0.1559246369441064,0.1839461085048814,-0.079667483099632,0.294324646825742,-0.2790054713367207,-0.0029393652024009,0.374894449371047,-0.0105412357665079,-0.105045062695837,0.0779970824157905,-0.1974473275686331
-9.543060419792145,10.71052088145454,-5.024020778433597,-2.994452752973185,3.118228775876104,6.09655436272871,2.2385195069293737,-0.8890232576646241,-1.573688358487783,-1.60097002281785,0.4823621461459772,-0.5981941447991682,-0.935183186588319,1.2632604454057608,0.8416547898756079,1.5498963356504432,-0.3801223484388311,0.758451390733641,0.6352001567159804,0.5340067116059085,0.0010851355925876,-0.0015354281568624,-0.0004842728820722,-0.0001153918890666,0.0019150517789745,1.2587618288596456,1.1295463071992484,-1.099792143433211,0.7245653583377807,-0.0413514378941271,0.0724772731095712,0.4757569930891969,-0.5636431349598806,0.213358352252055,-0.1787582784872963,0.2940475433634367,0.1765425510850668,-0.0242730482067058,0.5626009693463665,0.2606546291291559,-0.0230462263407565,-0.0504822846454153,0.1923293139672539,0.1427433584178776,-0.0036281247438488,-0.2224992017844656,0.25905052512946,0.0181253107032552,-0.3814221752509311,0.0782389137697774
-14.68729712732758,2.5600744192631497,2.7456606461031754,-2.844982917407807,3.237480664781132,-0.3675082886121392,1.3158480315106913,0.2563475457366693,3.653762183904278,-3.79488328345676,-0.9022057760388884,-0.7253218856407626,1.0324792940625005,0.1110308026026619,0.2831251303479866,-2.9122023952191074,-0.5480089709384293,-1.2186616018117369,-0.1584045267309228,-0.3956182099130798,-0.0013716121642646,-0.0015394405448093,-0.0014547156288183,-0.0011712291234007,-0.0004840297764504,1.0830468811224996,0.5166594269457174,-0.1465437039893615,-0.6833156775271886,0.3437338643751155,-0.4003985773565264,0.08238387564337,-0.2300501493983131,0.2290769468548291,0.2831468000114138,-0.4248740459532069,0.0459591799649268,0.1382038214191926,-0.2158314496543462,0.2420855436201388,-0.0681571041113154,-0.1081681423844948,-0.1190274017947418,-0.1047922661512105,0.2863736836335885,0.1847719402529579,0.1533947742284835,0.0972650340454423,-0.1415917643706362,0.5457172146232778
61.96423715188733,11.0536442399547,7.063043259633592,-6.606440500153619,-3.739267297631464,-0.3941388373695264,-0.5480583309521965,2.4089172422679064,-1.6031112985637563,0.5298372838944189,-3.9854180957425913,-0.955311425692636,-1.9211847797755337,-1.330206704675712,-2.6119139916359813,-3.694435886565695,5.902477971799355,-1.8121049210853084,-2.409874033928785,0.4681279239371947,-0.0001845425425361,-0.0017703433817363,7.05372042439107e-05,0.0007866477198816,0.0009759943606454,2.966875078086034,-0.4041987768926525,-0.1896923255739017,-0.0376257893060057,0.2315326991775092,-0.2745801163883277,-0.1268056879996886,0.2871104459778915,0.0029538739200038,0.2614744534195052,-0.5210612761262869,-0.0559892124898279,0.1429605956229434,-0.2955547775572251,-0.0783909038268892,0.0024598493279085,0.1589466439010719,-0.4036196986950868,0.0237334444916446,-0.1142002708384812,0.1283555542922171,-0.1902700890079172,-0.0867906050083267,0.0200195621787972,-0.1013722389262719
69.04152778911693,10.670439980495257,5.518755868015198,-10.467874471142236,-3.118901346274199,-1.1257775344808445,2.535625975532376,3.618664212086208,-0.8200222250512115,0.759327878141735,-3.3985214733774334,2.455453944916037,-1.3357708510624833,-1.532238034389642,-4.136781180937966,-3.3389399724100435,4.534821562708346,-3.766858512750137,-2.0661240912881724,-0.0646379166746193,-0.0005845028100148,-0.001377288021791,-7.738784478312736e-05,0.0007545303168282,0.0008612850911959,2.220286056127674,-0.3307264778452223,-0.6022916093067843,-0.2243675002354376,0.1345539357190471,-0.3045634557128963,-0.3554202542584033,0.3430492941418605,0.0867670892832723,0.1763925825318376,-0.3419068390720857,-0.1317102445990625,0.2064357964134633,-0.2221695668393953,0.0592062903326989,0.0133371850225584,0.2105681292161015,-0.5953655411379134,-0.0180754741236701,-0.2081678298464114,0.1550363669238442,-0.0257530931234221,0.1539947187503396,-0.0078504759002971,-0.0663300910378599
-2.795861065549989,16.32376706960222,-3.1576207866075507,12.65173156760256,-0.4046465410519451,5.106008628461435,-0.7913731713880802,0.3470658122102401,-3.7920248592044574,-3.565795107908671,0.9319401221661684,0.5095318113463277,-2.933787082040266,0.7910178203176735,1.25933474911793,1.1201080102323069,1.0742709046084098,0.9568066937092572,-0.0599280210058797,-1.2845173081122112,-0.001038926398987,-0.0013882507795328,0.0023116710605873,-0.0021733593574049,-0.0003273071138118,3.726530335634304,1.7606024629381862,0.261393496585435,0.2847116265756379,0.1135810656519479,-0.4751017666852122,0.1111594761359096,-0.3314043786476564,-0.3614337734761017,-0.1863763612456939,0.3384477525450999,0.0020464486408833,0.5931374487939765,-0.2913442576953087,-0.0251660665516362,0.5093349000284719,0.6575104671515535,0.2942290292961206,0.653156434770608,0.5344870629760283,-0.3157694698832562,-0.0109716150229765,-0.171102671327856,-0.2325376916413273,0.1737809020841089
60.606467262472016,-14.585720580210904,-26.20085710958815,-6.757854666176559,6.6788194019516505,-4.166003300225063,2.61773072679075,-9.340687054931568,12.769558871186538,6.734279122908707,-7.569784495763474,-2.3294748501512905,-4.265914381881736,2.395376796523558,5.173979587481497,-1.35965940153095,-2.7975978864705717,1.9633657976254435,0.1005129509903,-0.0097764339668581,0.0003497433073789,0.0013155049943461,0.0005279019752407,-0.0004218787872187,0.0002749580840702,-0.2084364997146822,0.0358205029472506,-0.6139022494652719,0.1053033247684103,-0.6335159179151233,-0.1241617980699853,-0.1554243422574584,-0.243475853906166,0.1187719858242785,0.2042360690367522,0.2909207581246075,0.1145856516388406,-0.2112062118046574,-0.0228576964183201,0.1084297567331439,-0.0187498008863056,0.1977345023797959,0.0220961471310012,0.0846984313989897,0.1328606612026237,-0.0944211373564527,-0.1083606384420843,0.0393972120257873,0.1792231316277783,0.1425937737545594
-5.464113363469798,3.052727931188118,-0.3058190366077188,-0.4737439380104601,-2.654341926727886,-1.758299938049152,0.4873775396064381,4.14297941411259,1.795771309985563,0.4519921646769794,0.7595966321181821,2.37968296355494,2.6889086120800285,3.356454373226694,2.4622657029305377,0.3820115174031119,2.4227344052483915,-1.0105984724199075,-0.9413645349476872,2.376667374189855,0.001060353172133,-0.0011130689400209,-0.0010616357970038,-0.00065657926825,0.0001805072767553,-0.0005149390339188,-0.0004741565486363,0.0006474988072343,-0.0006340136451245,-8.539154829596612e-05,0.0003356927815534,-0.0027215113965043,0.0002951950795548,-0.0016237895333662,6.686683426266812e-05,-0.0010405565814328,0.001000955219301,-0.0022216270852163,-0.0003173222800826,0.0015559474803387,-0.0008857479121246,-0.0003084691003172,-0.0012599042876737,-0.0007627326110624,0.000586077771664,0.0013423897588467,-0.0009224464856462,-0.0016827592271538,0.0001726062502373,0.0010491688847491
12.381676981575724,-0.5405710205625384,2.9209565959314587,-3.953330724076775,2.058026088192731,-2.1878969852867347,4.497396983786181,-0.8273822363000222,-0.0187976802135321,-4.893552313785267,1.0530921058650864,-2.9195917641542763,-2.8114335047962022,2.696809003074109,0.9487077576093323,1.1931047766799792,-0.2050522424712875,-0.4401081251727878,-0.9076547573384092,1.3494576195530403,0.0001837393078915,-0.0010505451819625,-0.0012165361841569,0.0003956699491295,0.0002731464576095,0.0005016538406862,-0.0007913538959475,-0.0002802774325255,0.0002029834081542,-1.8892417868991804e-05,0.0005359608350316,0.0002290427142301,-0.0008182968462958,-0.0009833744374866,0.0003407531813221,-0.000884410994747,-1.5276861159620692e-05,0.0004821660054113,-0.00056526732645,-8.725281508664653e-05,0.0011362854344084,0.0001410145744511,-0.0006746334862206,0.0003688294881146,0.000691762710681,-6.796002539967384e-05,-0.0002870235352232,0.0005553755645759,-0.0003379167278317,-0.0001654696272207
-15.90871114343234,-1.177692639839554,-4.61591302524758,0.0716407446545782,-3.514315890002309,1.2701890873095023,1.6601114833339117,1.647702851852751,0.4373465580968192,0.4490661110778103,0.3573873903709223,1.033443742370375,3.848167035794163,0.5873397138364554,1.1781725174205366,-0.8499564913731332,0.7506457794204624,-0.4777642836456573,0.219346388587362,-0.2050562990862887,-0.0027034266971467,-0.0010017323408689,-0.001250846916546,-0.000315285392951,0.0033248368580975,-0.0046617281813527,-0.0016770499852452,-0.0006887645287543,0.0009658544450654,0.0007135675675446,0.0002257045810992,-0.0011990294271317,-0.000361477659865,-4.274107595320181e-05,0.0011824300170492,-0.0022015739788193,-0.0002236929815201,0.0007915276288341,0.0004675200113296,0.001167191526205,-0.0009008545095176,-0.0001032375193423,0.0006065663389504,0.0002211517290173,-0.0008807829144767,-0.0004155164306384,-0.000394262831694,0.0007401180943,-0.0005581315760576,8.311338474525633e-05
-23.723744500913863,1.8057511979068936,0.7830864423207193,1.264577130588473,-1.1585548087195972,-1.3322624378749144,1.636919917902823,-0.0028348423058729,1.518162832202695,-0.6224525374659011,-1.4052712007546249,-1.5166037626210849,0.6715680159700245,-0.7957060129675808,0.1941810440473776,-1.859947085110436,0.324153176997259,-0.2126632898551353,1.5699788951160707,1.0568019759741718,-0.0017232442970599,-0.002984661404147,0.0014099547950341,0.0011197859606966,0.0025860921316726,0.0001251955268099,0.001485125978634,-0.0011912334906714,-0.0009182194986575,-0.0010495918555388,-0.0019078626717929,-0.0009602570911122,-0.0004010132640713,0.0018496686524672,-0.0025792622275657,0.0013081816476891,0.0015069964039097,0.0003904986101206,0.0003445182656077,-0.0026214552055466,-0.0016782205109853,0.0010155396814562,-0.0027903306861896,-1.833391502469104e-05,-0.00032629020888,0.000288036514188,-0.0006972388403735,-0.0012053450605636,7.723775601022005e-05,0.0010795976845118
12.326332608274797,-0.5428026630843092,2.984334086349517,-3.913740071884331,1.9080101023316944,-2.279547875042257,3.866099544157687,-0.7938286468401332,-0.2422244812834335,-5.29502503564499,0.8971080531555828,-3.1031550618790606,-2.6867164444694684,2.4275331124567283,0.9322093890359048,1.288316065804025,-0.1899248258046074,-0.4456913495378521,-0.7213952423880178,1.3364063535658008,0.0003244728643267,-0.0010199453910056,-0.0012139607221527,0.0003835333522063,0.000278045510572,0.0005335343075739,-0.000813171378812,-0.0003368613550782,0.000216189644999,-1.9652354993910133e-05,0.0005623921387614,0.0002631889871807,-0.0008182475002382,-0.0009998040745537,0.0003600408018724,-0.0008826511909239,-1.872945552814316e-05,0.0004338452886983,-0.0005460532386,-6.842210292969937e-05,0.0011118287294171,0.0001453467324854,-0.0006843130299657,0.0003748677249824,0.0007045965790012,-6.540554720285162e-05,-0.0002857364501179,0.0005956946404409,-0.0003032151127502,-0.000126829836659
11.809548352186884,-0.6807463420516361,3.154379324694859,-4.027279276347073,1.8429353413576195,-2.0396821891214785,4.44214655738978,-0.9264940452570464,-0.2216321282941781,-4.743445710823068,1.791022528867369,-3.766568116597048,-2.6467551770291142,2.234999760455433,0.9521625519986232,1.428323561371694,-0.2873384857684037,-0.5587606923067324,-0.3436035451800829,1.2010087943706655,0.0007971913970125,-0.0009341793991367,-0.0012513011805039,0.0005183981442942,6.815075165357012e-05,0.0005500833144091,-0.0006355534442555,-0.0001714238064621,0.0002173341032691,-0.0001390784197799,0.0004903466039741,0.0003427664791258,-0.0006073504142372,-0.0009784983548626,0.0004784778268718,-0.0009115501240337,-7.605871936554961e-05,0.000464292908226,-0.000480946884903,-0.0001006863653361,0.0010703659838088,1.4380507667440432e-05,-0.0007486807477594,0.0002475753565029,0.0005897413532729,-8.06180783552382e-05,-0.0003554609702726,0.0007270657640702,-0.0001765850283813,-7.241783759791507e-05
12.401731801994154,1.905380603850361,4.794885549365463,-3.9954298704661095,0.963095164536551,-4.670506689312945,0.0540916023124534,-2.548738012409859,1.8856546575227904,-5.11855251870756,-2.092794452525049,-2.2157174132586337,0.5150595571896136,1.1268021206016248,4.54321989082759,1.9663242192345691,-0.7497295844291058,-0.3575007691692725,0.3418299188106296,2.4006752642743017,0.0014485158453437,0.0009339159161274,0.0012508101080728,-0.000472621512391,-0.0003566669992806,0.0001909643527485,0.0014212324964713,-0.0002471488636907,-1.048582655234301e-05,0.0006681981570739,0.0001226474016222,0.0002291730368613,-0.0005756931515923,-4.4777090117479615e-05,0.0002899109711229,-0.0004555766012657,-0.00014022660288,0.0006983912270778,-0.0003256004688824,0.000392764616365,-0.0002721724701256,0.0002559878776952,0.0004749221486817,-0.0004783789789052,0.0003466021174007,0.0001148511371045,0.0001226661610148,-0.000381276715272,-0.0003113479624095,-0.0005025014768705
3.3496418224539037,2.343355575527727,3.239377634346301,-4.749201085665853,0.5996179778528709,-3.046240051818684,-2.753754057571137,0.3654663124064568,1.206371743158357,0.5356386925955896,-0.754861732738295,3.685733040300864,-0.6616662672547821,-0.4232124939999711,2.6597952510458995,-2.11626104392419,4.397069562934769,-1.3557888642292462,-1.99767555375894,0.2387375538961936,-0.0004765518129611,0.0012720017700956,0.000808694569295,-0.0013021159274178,-0.0001761947677127,0.0006140320364176,0.0015237404380846,-0.0007316174963497,9.484083659335044e-06,-0.0003728738548119,0.0007406464255779,-7.105982321212854e-05,0.0009538238297885,-0.0008403385234743,0.0002364508738324,-0.0013193989146312,-0.0002288365633098,0.0006275848955296,8.383644238427232e-05,0.0001133983365719,-0.000254643795818,-0.0011134831859652,-0.0006306992294638,0.0018520666539581,-0.0007348963531,-0.0005037967546495,-0.0002785979283161,-0.0005754151121268,6.479783737258959e-05,0.0006365012972198
3.1353931619841284,2.967133519317653,3.129499921255834,-4.714562622946654,0.3398316690233046,-3.5024356893290465,-2.470596949466592,0.4308740426751449,2.768406430414562,0.4580608473203036,-0.7514327685604055,4.04703188730344,-1.1713904576590233,-0.6667692771762039,2.0452345653663944,-1.7738977324093603,3.238846468820139,-0.9595859046955983,-1.997556457907411,-0.3122716089518591,-0.0006517624396992,0.0006602547098331,0.0007076755990467,-0.0010017967961704,-0.0005584023561052,0.0009100344522774,0.0014595750274818,-0.0011767346872176,-0.0002084704115411,-0.0007410054490541,0.0003254366027296,0.000282172527792,0.0001849957516957,-0.0007396215284757,0.0004628758313162,-0.0010606113140398,-0.0004012035748226,0.0010684821447772,0.0001918346945161,-0.000369097764541,-0.0002583192653154,-0.000508291676395,-0.0002677154046115,0.0017286969675806,-0.0007666716511055,-0.0004112431290516,-9.653507157409903e-06,-0.0003859732510462,0.00139036532775,0.0002767075955833
-4.62977002115801,6.065723533690019,-0.017688800081153,-0.4848159931271948,4.282298631736414,-6.904207447147262,-1.2299794473478638,0.7802346915515688,1.9775661937542035,-0.8404482855933643,1.6423331304178723,0.861195124418066,-3.488839565467612,-2.8242089200983957,-2.591350184361486,1.0952458107299394,1.878695322958137,-1.8426885642844375,1.7149451079636058,-1.50022466877906,-0.0006306350946597,-9.204793128697466e-05,-0.0005164262820992,0.0004589728226081,2.740013912955684e-05,0.0015533149918223,0.0007974441615468,0.0012449884325755,0.000386710332865,0.0005344712721867,0.0005073955769947,-0.0003583887193155,-0.000616093775042,-0.0014953294740248,-0.0003082750877897,-0.0002025495988063,-9.07292146923928e-05,0.0017967649581535,-0.0007197936641967,-0.0004567743208662,5.89377827677791e-05,-0.0005348533541692,0.0005450440105222,0.0002513474068496,0.0002294010184473,0.0005148876133335,-0.0001825109917647,0.0002142592372374,-0.0002870918603309,0.0003438894460432
-18.16580952817101,1.8018439141163145,-0.4622647072500738,0.8571195987311663,-0.2584550941537377,0.1430178557752071,1.3814471911003283,-0.5976134242322082,-0.2882490651901323,-1.823032061615067,0.9315622129039056,0.0028566737750149,0.8377734246202947,0.9469577035451444,-0.5077314771205889,0.5593228694164865,-0.2620212008008551,-0.5875285553097579,0.4841122823865567,-0.3598863583738551,-0.0028939389404807,-0.0013525390838772,-0.0003217927422988,-0.0051351621608876,-0.0034145919409191,-0.0016018612055324,0.0012522850644685,-0.0006364252199506,0.0011724728663871,-0.0004319292367621,0.0005590551000587,0.000815342199366,0.0010683296870747,0.0003357312299946,-1.855178672158425e-05,0.0007338670186317,-0.0004069949772516,0.0007105831200574,-0.0006677612262006,-0.0002213585098832,6.165489922931444e-05,-3.511871602157169e-05,0.0001916314002452,0.000355280466462,0.0005253693757339,-0.0005440266664583,0.0004182647354732,0.0005102011345149,-0.0005586459275131,0.0003830380201425
-15.503019108505155,1.7023117057287624,-1.4523549288527196,0.8154116690624165,-0.375519498779701,2.040137502783105,0.9787742800282828,-0.1389819214452501,0.0734274561990912,-2.1722932788734037,-1.5665039118860675,-0.1347547445060396,-0.5289676611734178,1.072512964032283,0.4167172823345981,0.5346628131371374,0.0969447583863302,0.0245399593150666,-0.4573961431369581,1.2923482652578313,-0.0008445614859337,0.0004169784867913,-0.0007108043500668,0.0005050794084015,3.297735525259151e-05,0.0003461914254302,-0.001974286595438,-0.0002812278618859,0.0014764090270494,0.0015720031341863,-0.0005775685633234,0.0007136184171549,0.0016697324823532,-0.0004699109270132,0.0006482733936768,0.0015870323662135,-0.0017105962458997,-0.0006372572440169,0.0002077028614566,-0.0001672397870793,-0.0010561065048974,0.0015351465947309,-0.0017446749526141,0.0001484103914097,-0.0006804135321333,-0.0009983380314751,-0.0001301752592295,-0.0003514113849629,0.0003775508281103,0.0006987295518817
-26.463123090714188,3.670100695031744,-0.3201084566590146,1.2311764704620738,0.0800581324129386,-0.1256798489106327,0.8357972370723304,0.0998111661016289,-0.4671495364549448,-0.6096669858027762,0.6781860756989243,0.2528646626437167,0.7163147405568304,-0.4190890008678913,0.0656587055430037,-0.3461469668449977,0.2490383968086878,-0.3748424442941886,0.0968479096346179,-0.521507630911634,-0.0064628953021304,0.0077415351225012,-0.0002288903760233,-0.0023399615649677,0.0022482932046678,-0.0049226576953056,-0.0029483612138474,0.0032195260390844,-0.0029839833311243,-0.0016485570275782,-0.0013179917519492,-0.0005872802797013,-0.0008036267295601,-0.0001498573398986,2.944750697899639e-05,0.0001704032265094,0.0003702903147328,-0.0002878826716914,0.0007441075047061,-0.0003334259470096,0.0017217611238212,0.000357370934603,-0.0008937433179721,-0.0005097761793426,-0.0002365759834989,0.0011246409907392,0.0006456961465955,-0.0004451528854935,-0.0011106251341439,-0.0005138871828608
-23.170610071234517,2.190261408306652,-0.1150341698181559,0.9415708076057014,-1.3518333964070592,-0.4429847315092015,1.8805182726006304,-0.551057293663025,1.1294756557205663,-0.965441979152255,-0.1269057546939461,-0.4710128443651667,1.5017374206579042,-1.0037776182322933,0.8819768291232264,-1.6294362932330124,0.5126215551786953,0.5953105677780963,0.972183328852192,0.42355408803161,-0.0013395309006718,-0.0021193121094563,0.0067554519397217,0.0011879094112911,-0.0013543416699799,-2.896032718947828e-05,-0.0013079343922153,-0.0010029951048592,0.0011496336627403,0.000646192379642,-0.0006330639209324,-6.021288905363507e-05,0.0028400608315405,0.0038493568873187,-4.07895110269169e-05,-0.002133123301989,-0.0019128163642468,-7.028746768660681e-05,0.0015574786715304,-0.0013061928442246,-0.00052639559306,0.0001296958777181,-0.0015016807451899,-0.0017552900102754,0.0035489270204469,-0.0018718361391493,0.0003684999734988,-0.0019124198040955,0.0008793538093527,0.0001513075956594
-26.325844922820703,3.467258479709039,-0.7813234631002552,1.3137185074767153,0.1330119341453595,-0.2396190266386826,0.2545692653706559,0.0980009131793746,-0.5508436931125246,-0.8386417315489472,0.2667005339877026,0.4479028470459568,0.3251519111651622,-0.466327003968973,-0.2813909369523615,-0.3265093887535228,0.0502558055414943,-0.2672024206230439,0.0961973939741347,-0.5427281753875253,-0.00635882247991,0.0074467451612099,-0.0017666506341798,-0.0031520456154815,0.00182312831229,-0.0037656023906371,-0.0021441520270314,0.0011294629080331,-0.0035148187368349,0.0006897982279161,-3.427240432406347e-05,-0.0008778319600407,-0.0018188894940478,0.0010285206652511,0.0011192743316812,0.0015733927737088,-0.0005207626743293,-0.0013568803177369,5.619931804161759e-05,-0.0004536409220879,0.000903635410378,0.0010164619810248,0.0002514613752416,-0.0010190437610159,-0.0013903917457185,-0.0006366993994683,0.0018866559286809,0.0008164668227296,-0.0010860414647539,0.0003544654688121
7.801440961394478,-5.273892508055829,7.335453053042501,-5.501659992374583,-0.3392071818773802,-3.403998804871143,-0.6492721376256857,-3.669878688478787,-2.1155234899229467,-2.70762719309511,0.7908752463395186,2.9811392718222103,0.2474808313948043,-1.8462947190819503,2.3533914421360844,1.2272818604012457,-0.2925422630382432,-0.0524603281555465,1.2134496918581026,-0.8010289120446478,0.0004417746509064,-0.0010433290432744,0.0016908494749628,1.537972087424299e-05,0.0005808897914352,-2.2318571626571563e-05,-0.0012588528295053,0.0004929583521755,0.0006537914606472,-0.0002670165365488,-0.0004662894955335,5.5703565355751816e-05,-6.3960852667292456e-06,-0.0004866598516617,0.0005544403846259,-0.0003352861444554,0.0003293280694148,0.0001989533483988,9.648850603916646e-05,-0.0006667548219259,0.0008629598141789,0.0006441831342792,0.0015353904751596,0.0005518357915849,-0.0004647626385102,-0.000348367452857,0.0002235578534586,-0.0004391330060783,0.000670465968138,0.0007739421927144
-4.767836927902676,-0.5066339450708083,-0.8944748694029132,0.0207575068585105,2.5918064868848227,-1.5614603648466978,0.1019306099694578,-1.1381354646322326,2.269478582644679,-5.798586618594176,2.00296564390544,-1.7810640117449288,-1.237949198497395,-0.69192804069585,2.3932364947589084,0.8851642261889108,0.0345409037789172,-1.1197016823009704,0.2252060523470878,0.7799198729303701,-0.0002973921673743,-0.000179829206012,0.0007632631606655,0.0013159816519433,0.0022008660644843,0.0001821825122843,-0.0001050457640055,7.993713971846373e-05,0.0006144006413486,-0.0008248813261997,0.0006542800439509,0.0008052151765289,0.0009742038471823,0.0003423824167469,-0.0001642484763223,0.0014883381233555,0.0011760012308332,0.0014247404484736,-0.0004326349698488,-0.0005809686099958,0.000247502946589,0.0002303418957308,0.0001708486803716,0.0001634703955124,0.0004856738610396,0.0006396808241657,0.0006201599612456,-7.649630680530718e-06,0.0001066638834258,-3.139318166527097e-05
-15.907765356336332,-1.250506879623537,-4.532782158771902,0.0887077230250034,-3.454820875540268,1.2764292022388786,1.7333835053233038,1.6641193021733969,0.2912526781703357,0.3299792962579255,0.2988223746089178,1.1449579519936222,3.7906824381498607,0.546333227846044,1.2920777583768943,-0.92278345875614,0.799101335460136,-0.431224290902143,0.1296932885790985,-0.2194203503056023,-0.002709323774915,-0.0009946612995381,-0.0012301335304358,-0.0003241126815598,0.0032978839089154,-0.0046841053322258,-0.0016598781422297,-0.0006926935415027,0.0010056623358585,0.0007046118556096,0.0002198546899863,-0.0012356793696939,-0.0003789520114428,-4.951419100477919e-05,0.0011725309603639,-0.0021969555081906,-0.0002123508492009,0.0007789992679712,0.0004767670556728,0.0011646241874317,-0.0009074568782361,-0.0001109559229665,0.0006202649615954,0.0002299023399099,-0.0008731504575003,-0.0004331636178603,-0.0004390310284212,0.0007687949676017,-0.0005522985195238,5.8380871761666496e-05
-13.15147043296205,3.5422296246172977,-1.0015520165583869,2.219162686971183,2.270854337817076,-1.0136716117654756,-0.1585873679685086,1.3988272396337722,-0.5489642127197476,0.3573397187593177,0.892078391900828,-1.5045506393178545,1.0014676395615285,-1.720681813997867,1.4559461148294788,0.7288913485888451,-0.9031394615335608,1.9189570534762117,1.797199113904945,-1.4967844341343284,0.0007656111895378,-0.0019436650237934,-0.0004162487812699,0.0005149473409718,0.0004416312271215,0.0009860154005668,0.0008270297470315,0.0016112592254153,0.0001316835753301,0.0007342474850341,0.0012159356196872,-0.0006957403851664,-1.7590696376039762e-05,-0.0003184448948896,0.000142157427404,-0.0016847962883993,0.0001745993039004,-0.0001133784155052,-0.0012234756361367,-0.001034156975694,0.0001492782130255,-0.0019588222706686,-0.0013694268309141,-0.0007218209625928,0.0008220372316872,-0.0017573992647697,-0.0011174171676291,7.724173736592e-06,0.0002106216079882,-0.0004205274419183
-25.47214524050361,4.213726003965453,-0.6167176118931835,2.0477207681695115,-1.4474981853560658,-0.5657483557957849,1.2789368856431191,2.2110012998791064,0.7902608001291775,-1.9029417367934045,-0.7449020879234428,0.1777837501484842,-0.016423370261318,0.9033212555917736,-1.2249730390625435,0.236425698068086,-0.7117748072000137,-0.5033882606004418,-0.8399453473269158,0.2065844591828626,-0.0024960200785741,0.0053826199180269,0.0013647290441427,-0.0012909830687228,0.0013927800584517,0.0020058998345753,0.0023418371938476,0.0063209478090111,-0.0016907001546875,0.0024951508974637,0.0006526414874022,0.0009772422296446,0.0003145797193101,0.0013534488691828,-0.0028058030169588,-0.001413438711398,-0.0002525208082868,-0.003102866095757,-0.0005488635673615,-0.0020376534527025,0.0014924455826203,0.0028354826645742,0.00181889117236,0.0002140814421623,-0.0004195925018449,-0.001472080398791,0.0025414284517669,0.0012962711628889,0.0031041247186446,-0.0010639941901199
-19.520769193116035,2.6123684929947077,-0.7116545210158794,6.300966461347675,-0.117297191620051,-3.5420667340513385,0.816646187072785,-0.7771720088977973,2.277420120662116,0.0988687752193124,-0.9825353421536708,-0.997317211212742,-0.1382646340944766,-0.03948525722548,0.5418416244130179,-1.3480230138732527,0.50755258964036,-0.4302305308104293,-0.6186294169596241,0.4781279941445202,0.001530147255346,-0.0009679885069478,-0.0007930771648788,0.0007648586923493,0.0014072207285112,-6.90120143960114e-05,-0.0011451782181432,0.0002608900092012,-0.0034083151904757,0.0001996179178135,-0.0004944997057621,-0.0005482649452724,-0.0009941753745756,0.0012284835538315,0.0015641506858902,0.0002598535173425,0.0019814571189747,0.0001235171594463,-0.0007030899906224,0.002450509499061,8.027926095977248e-05,0.0003145552262541,0.0006408999995067,0.001000751522994,-0.0006281467077509,0.0005067745164914,0.0003412507579666,-0.0013809778033308,-0.0016092766622382,-0.0012824032480943
-2.638337371335925,1.1713102692544095,5.658853104498179,-5.3490239597033735,-2.4514865603349207,-3.5182198277830445,0.0106837819299414,-0.8702981066438374,-0.3678739045170653,1.4881648738108189,-0.3196595492650089,3.0935534416629213,-0.2521489642732311,-0.1236813073797798,0.6403450020323443,-2.049478874284973,0.5901291636459937,2.271733147564428,1.0745915782102613,-0.1926844366320255,-0.0003034971971247,-0.000819710858835,0.0013955117151569,0.0010430499592742,-0.0003239192766433,0.0005380137465671,0.0011180354703996,1.4139118177113262e-05,-0.0003292542070879,-0.0008135470319626,0.0009609952662868,-0.0004153894124185,-0.0004774580583818,0.0002911683685868,-0.000522509838722,-0.0022750738131753,-0.0004499160679012,2.745658995399745e-06,-0.000420998104449,-0.0017905392746562,-0.0006406430215664,-0.0001680845273748,-0.0005793118053672,0.0007475949529736,0.0008153432504187,0.0014353955975646,0.0012326352889365,-0.0005926402217163,-0.0018660695674845,0.0017911758338171
-7.319242188722779,5.0114484752811626,1.7146891583447736,-0.4643179042153433,-1.0336692341829026,0.3337521810262083,0.8540361007277922,-1.480656159385353,0.2781128082711481,-0.3389398564283197,1.5435942349683656,-0.9080334548834026,-1.2298619585185802,0.4125354429010596,-0.3994206679685456,0.1302784680501697,0.1994368583310458,1.1049459631245806,0.8141292166214338,-0.5673755928163702,0.0019162827928068,0.0013940152036429,-0.0001298565449787,-0.0001334202839213,0.000900847769675,0.0021598127379589,-0.0001769599821931,-0.0008667264953677,-0.0019345196942247,0.0007519362700297,0.0004985810634004,0.0004445374273947,0.0002922927492863,0.0010671734032893,0.0007013797956264,0.0005694696431025,0.0002329599037739,-0.0003543226007,-0.0003731752784108,0.0017215238304507,-0.0008012256452766,-0.0006328075016173,-0.0005855209392699,0.0008334187416019,-0.0003363673116301,-1.994206099821449e-05,0.0003539872888641,-0.0002327988149906,0.0009488105487151,-0.0011061132165648
-18.03142518004096,2.3776210135132234,-0.4444029681843447,0.1832099910823408,1.4234531216778517,0.4025193331813433,0.9982325800415436,-0.880485987864346,-0.51878890048535,2.081903661235558,0.1574947715847196,-0.8888119464507548,1.101692301962368,0.4555406614007168,-0.9323965688682349,0.380155554947939,-0.3132256250342675,-0.8594800430696699,-0.1517205567538107,-0.2800317950726358,-0.001626714049913,-0.0013767127983904,0.0016543780036762,0.0013708821211042,-0.0001797887377552,-0.000409073955175,-0.0017097730429291,-0.000895621663211,0.0007535275587701,0.0005581801913942,-0.0016681830852589,-0.0004980911228405,-0.0015435892726675,-0.0020364120665124,1.5405214266515398e-06,0.0015477036198816,0.0027905107043574,0.0003430502479064,0.0001404035349917,0.000548123062193,0.0019078056090252,0.0003801636208818,2.0295928267149228e-05,-0.0010007341597832,7.55754593925693e-05,0.0012723634384617,0.0011002651304053,-0.0010790158772683,1.5610734011284003e-05,0.0029136717340296
13.103500007352768,-2.348593322047069,13.233021383390655,-2.76431201887382,0.3162160602149561,-2.59960679233994,-6.814529398338984,-5.747960541491751,2.6875656089132507,1.3065835924686926,1.1334692309755732,1.7542155207671044,4.550967190724928,6.562172236031784,-1.3600222244143187,0.4659172898893047,0.563075537195037,-1.0487590122517048,1.8669428204065377,-0.330614974621058,0.0021367725270072,0.0019323131553389,-1.687258740867721e-05,0.000983851608667,0.0011175788457424,-0.0002526090633796,-0.0009990122325948,0.0007230223957521,-0.0007314315444424,-0.0012939605100573,0.0008644313088129,0.0005975420496477,0.0003568420385796,-0.0006243790626922,-0.0011149332519117,0.0006523242993674,0.0003075000514264,0.0003252428129262,0.0005397185385799,-0.0003995066787974,-0.0009526373949777,-2.3596165380218877e-05,-0.000347131985748,-0.0006904234060376,-0.0001687268623338,-0.0006674206899389,0.0002886433509511,0.0004209653130145,0.0006323208013074,-0.0009858080673336
-8.094349711875982,-2.779342331411883,4.585238462519029,-0.5540082687738396,-1.1994184829128234,-1.7991920086712092,-1.7063315396585177,-1.512571320899767,1.0085125044971572,-1.129095693923558,0.4611773425620128,-0.1850284704724087,-0.1546517479018562,-1.5426478967222446,1.5466493347511747,-1.0485817109375264,0.965502693357662,0.0547666765102689,0.7349264215103753,0.1991489141801841,0.0001252800915348,-0.0003886353157907,-0.0003368111598104,0.0002282148368772,0.0028475393252825,0.0008700764560061,0.0011891744990703,0.0003254206135501,-0.0015906970809254,5.166388323386109e-05,-0.0013095744065718,-0.0009746697618314,0.0011770232261765,-0.0013770189632606,0.0015014606665837,-0.000318116756653,0.0008242122584931,0.0012450065668711,0.0007167641182058,0.0004098481775312,-0.0007055141839637,-0.0002973967914696,0.0021091620451842,0.0004570521418355,-0.0011271757460103,-0.0014987908359396,0.0009953657949906,0.0005428316408088,-0.0004487759972206,0.0005486846911647
-7.324882948768201,0.5758114256862067,5.476210819970321,-3.6213791176909527,2.283822021934275,-1.160145942228344,-0.4562480230859263,-3.361354981858934,-2.068333276854052,1.0007604923557527,-0.4747611946456961,-1.329702239421314,1.237964305897641,-0.0163974637833716,2.607489609207013,-0.8936308395944055,-0.3903620930680103,0.3075278480003119,-1.0091168013202518,0.4460857485311814,-0.0001427151832301,-0.0006795030966799,0.0001197333354109,-0.0014427496032448,-0.0013906419999891,0.0005259705882392,-0.0018127727824015,0.00042846161821,0.001244315926485,-0.0008206555388274,0.0001019694315834,-0.0002157023112201,-0.0001584025271541,0.0001046893758541,0.0003768222912529,-0.0008720767952348,0.0006508153628763,-0.000578362114063,0.0016893254491089,-2.787830795208848e-05,-0.0001287819916272,-0.0005108497715577,0.0019466437281976,-0.0005552619901699,-0.0001593571406387,0.0011982687450613,-0.0004179301014148,-0.0024010760632732,0.0003062212915684,-0.0004000160075543
-27.12562572754757,3.436273883170152,-0.1369711289616061,2.26800090711548,0.2794488628589174,0.7792272399574602,0.8300486411666309,1.0392373543111109,-0.7051180900338474,-0.554698343876662,-0.7010105369213163,-0.0161206373539753,1.0068500519800183,-0.4551856714175965,0.3514724757770152,-0.0489532735428293,0.3126451350962524,0.3474296062632081,-0.4136681144896149,-1.0697587413627747,-0.003097679574374,0.0011003237540133,-0.0004471421355185,-0.005351884755476,0.000787491037731,-0.0001958881530459,0.0029523221201028,-0.0027549849002583,-0.0042012249272969,-0.0062563934523342,-0.004978403345782,0.0017949216290802,0.0014437514230623,0.0012528562782125,-1.4476560982268556e-05,0.0016638304193531,0.000306900332185,-0.0003506728941733,0.000457962870957,0.0007380608389714,0.0012621857895008,-0.0010151251876143,-0.0018428940481242,-0.0004534830284603,-0.000801692851476,0.0008191621790385,-0.002170087365335,0.0007896624060126,0.0021322453683761,-0.0003241144164869
-20.25951701493084,0.8365613833601613,-1.9049986310249616,1.1362873051332265,-3.2930854337152096,0.0247847486347464,2.1949503861914703,2.081227505289149,1.2230498839055124,-0.5397846260729788,0.1770424479609856,0.6810905935876135,2.127225377453197,0.3277230006253109,-0.5340854293695402,0.1081772694167579,-0.9502352891027482,0.6211917740760791,-0.0522329463669719,0.5359185188322171,-0.0030031190684816,-0.0020729231673405,0.0011109360836632,-0.0008594550002464,0.0026206097190146,-0.0012904559835124,-0.0006457520807137,-0.0018923440532962,-0.0004939020454975,-0.0008805527194407,-0.0026963222389615,0.0017535626258818,-0.0004112470319758,-0.0008425471002253,-0.0006512854514545,0.000111314053965,-0.0019591096110741,0.0031320604655791,0.0013482271609028,0.0010878362401869,0.0004422681824274,0.0004679830306147,-0.0014866114684115,-0.0015792826899755,0.0014160664543296,3.311281900299898e-05,-0.0001301033252898,-0.0017463476226819,0.0034168601100084,-0.0010325442654039
-0.9293059425337472,-3.510564515096735,-3.798322737027065,1.6615339323245943,-5.031578600962338,-5.555393020456003,-5.567443432821229,11.136413464486552,1.829196564659722,6.178499899064077,2.0972549410423045,2.472950277618033,9.43830276844509,0.5649939945287172,-3.796922595727104,4.8232329420729325,-0.3550568703055826,-0.6602826146752601,0.3562717605396265,-0.2206671479031517,0.0042360330948432,0.0027774406015093,-0.0001901550744608,-0.0009119086247362,-0.0004009231343855,-0.00236329391882,-0.0004193392445769,-0.0017556215347588,0.0002675874652178,-0.0002055358913695,0.0017252800094012,-5.258337850705789e-06,-0.0002735025169357,-0.0002585239979024,0.0015035944906484,0.0003754824883443,0.0006551964948618,0.0007067281798971,0.0002702489801544,0.0002403455966986,-0.0003857485977824,0.0013986474326795,-0.0014843206747852,-0.0005003479832982,0.0006993562418323,-0.0003857468272485,-0.0004200164519389,-0.0003219116253492,5.849459903033305e-05,-0.0005010927146142
19.003437750570363,2.2012152738832107,3.853279163995437,-5.821240219306884,-0.6776501764418285,-4.075640993082022,1.98321526938674,4.011357381828684,1.2195157760920254,-4.095971946667633,-2.279504232948501,-1.090139169299736,-0.351271616235994,1.4324397846720038,1.6161130547242455,-1.8693330905811576,5.129360358311099,-2.126044513285326,1.6662524294637744,-2.5887649926190304,0.0033045709545765,0.0014982448178541,-0.0002747757245712,0.001037075058344,-0.000765397818568,-0.0001463835386351,0.0003227387278972,-0.0008040812807823,-0.0008393675640932,-0.0001652194285127,0.0007135487318732,0.0013425090162177,-0.0002189428702157,0.0005471586579175,0.0001882699192059,0.0008299502749155,-0.0002037271157152,0.0003082938056763,-5.768901360057296e-05,-0.0001607642832097,0.0008969728251529,-0.0001187105378556,-0.0002479715653032,0.0003448022295214,-0.0001268273107566,-0.0001423060100957,-0.0002474523393894,0.0001979477570705,-0.0006526442140242,-0.0008123281179062
-5.713470519745012,-1.918539057582391,-1.2938566137316672,1.7979792897661944,-0.2518976647420173,-1.4331544147493522,0.5776865430775386,-0.8140405527764564,1.1637734458460498,-1.779741870603751,2.360662282117689,-2.489609457696122,-0.8808700721235604,0.5021167088967382,0.2653745917694139,0.3181389218853477,-0.0075465079952725,0.6969406992437676,2.912267560530213,0.3382089236314552,0.0002425441531527,-0.0007055300742659,-0.0007293034130231,0.0003217508441361,0.0019779162331164,-0.0001357115161237,0.0007212926277036,0.0007435883568301,0.0005100587606678,0.0009471251508153,2.5911093301970984e-05,-0.0004348755508548,0.0015433434069612,-0.000858761859574,-0.000388996242137,-0.0004851887174318,-0.0015649338944611,0.0006083716340279,0.0009029751846724,0.0019632313375465,7.399642326184193e-05,0.0016299166073274,-0.0004075852605949,3.0415982452140657e-05,-0.0001944939720171,-2.3037853554362478e-05,-8.941041783681673e-05,0.0005448839033516,-0.0007059606324519,-0.000398180803125
-23.19038951504327,2.800515477460462,-0.0885185613631328,-0.1529122851785647,-1.276427234404327,-0.0589114153070081,1.3141628972466055,0.1988237563722767,-0.286379109940185,0.5293018100890433,-0.979887041900132,0.9417672577137012,0.4353001371221026,-1.0055637349097484,0.3891169638223612,-1.2015448413068577,-0.41103492947429,-0.081294076538929,1.4552614426638462,0.0335341594611007,-0.0013276611927492,-0.0012917223094124,0.0011149172225642,-0.0041939544288298,0.0017372854089353,0.0006275409024786,8.093516925208309e-05,0.0026185139248738,-0.0039251168788296,0.0015882539401873,0.0002505064552827,0.0003476245436973,0.0001066567804598,0.004945563968524,0.0003606514276624,-0.000260335154688,-0.0003471998393193,-0.0009956130623011,-0.002759259260712,0.0007218821589461,0.0032977847028312,0.0011937813608092,0.0004817399087414,-0.0021827293558607,0.0015766548997789,-0.0003453196578701,0.0005477456649723,0.0001570484240232,-2.998119897174331e-07,0.001128819747532
-5.713470519745012,-1.918539057582391,-1.2938566137316667,1.7979792897661944,-0.2518976647420173,-1.433154414749352,0.577686543077538,-0.814040552776456,1.1637734458460494,-1.779741870603751,2.3606622821176884,-2.489609457696122,-0.8808700721235598,0.5021167088967384,0.2653745917694139,0.3181389218853482,-0.0075465079952727,0.6969406992437677,2.9122675605302124,0.3382089236314552,0.0002425441531527,-0.0007055300742659,-0.0007293034130231,0.0003217508441361,0.0019779162331164,-0.0001357115161237,0.0007212926277036,0.0007435883568301,0.0005100587606678,0.0009471251508153,2.5911093301970902e-05,-0.0004348755508548,0.0015433434069612,-0.000858761859574,-0.000388996242137,-0.0004851887174318,-0.0015649338944611,0.0006083716340279,0.0009029751846724,0.0019632313375465,7.399642326184337e-05,0.0016299166073274,-0.0004075852605949,3.04159824521414e-05,-0.0001944939720171,-2.3037853554362715e-05,-8.941041783681536e-05,0.0005448839033516,-0.0007059606324519,-0.000398180803125
-20.948841202149687,2.186470652837719,-4.23390291922677,3.42650553689047,0.9487414023821388,-2.4013955569041228,0.6591505283938524,0.4322152480673243,0.4442416517286863,-0.9444599055049876,0.1287998348333726,-0.6556916113862379,1.0696639221210549,1.5506839254861775,0.572218992079763,-1.573610603059436,0.0879704315647713,-0.3768215302425589,0.0980364102921036,-0.4330304091973352,-0.0053992625907749,0.0084478510135011,-0.00088968619635,0.0039761625920282,0.0014838545006105,-0.0009447516719497,0.0023930089300663,-0.0050277036076455,0.0011899107658251,-0.0012202982325018,-0.0021425306429171,0.0003248637334631,0.002347942395843,0.0004827803912613,0.0011128324018763,0.0007160142190856,-0.0015300943808264,-0.0002749991130101,8.737617048664402e-05,-0.0015444085277247,0.0026588836579228,0.0015043066666022,-0.0008117294993061,0.002192660268396,-0.0024894785775639,0.0018423193555754,-0.0004927346358366,0.0012328188090478,0.001876204601191,-0.0001280462784537
12.089155888941598,-1.182402870537784,2.6981818884581044,-4.060387291792856,1.4716520777309223,-1.5528054557343842,4.801060292431113,-1.0769058679233856,0.3545656030424684,-4.447849622282563,2.0122862303272613,-3.171422178103289,-2.3473646627577467,2.2472746656333387,-0.0341498044779981,1.016451166478229,-0.6947232297742397,-0.4944526787711548,-0.3841939276178146,0.8866838674281258,0.0006496207545357,-0.0009197928407524,-0.0011244882170665,0.0005677952204387,7.6159103819704e-05,0.0006968308862203,-0.0005495508060765,1.854349998158026e-05,0.0002665705223368,3.5952238165101536e-05,0.000513395672192,0.0001433712783402,-0.0005533745356566,-0.0012840578781509,0.0005207424136526,-0.0008303334031404,-0.000100807636254,0.0006750768210848,-0.0006334279480088,-0.0002090534897415,0.0009425639938604,0.0002920245184822,-0.0008439479964,0.0004231858109085,0.0005339081648539,-0.0001784320348157,-0.0005981582772087,0.0006651367707245,-0.0002479018051062,-0.0002183312475212
12.109615183885753,1.0401482330425116,4.616009688658062,-4.140935547437233,1.0538565165856677,-4.843578431321255,0.0347763371529743,-2.7433192057102387,1.9040485928730764,-5.215837393854534,-2.5380140892310554,-1.7959707611950169,0.143096482677546,1.5514029016685018,4.654276533618667,2.062856211703336,-1.2808736351908965,-0.8034951450610806,0.0144352305971488,2.778490450014153,0.000557648678385,0.0004929412137274,0.0013115464709087,-0.0005253644758791,-0.0002722794681874,0.0002394087080988,0.0014182486357152,-0.0001302034628757,3.1169907450528405e-07,0.0008640146578927,0.0002896832108819,0.0003508268359442,-0.0004776836968735,0.0001940932074778,0.0002689352126416,-0.0005868630793135,-0.0001540285766418,0.0007872590958106,-0.0001895848591186,0.0002086031430497,-0.0003479517342516,0.0005734876405814,0.0003612537080831,-0.0005403031750174,0.0004348515432331,0.000110794360482,2.852981811132188e-05,-0.0004996554008027,-9.590502464622374e-05,-0.0004828294088932
-21.239093552013497,5.923865236915709,0.7647160441738303,-0.6183391452321907,-1.7545157995711844,-0.460885248610775,0.0506326620710961,0.7037597436603233,0.397406976130716,0.4295729774404834,-0.5635659842772892,1.4881739093742308,0.8807884782570583,0.9841907544857031,-0.1871440166203187,0.8790819662225325,1.0918785727896798,-0.5514704332158943,-0.3072861199925223,0.831110370877335,0.0063709137555776,-0.0003008511812066,0.00230465877107,-0.0021500598857817,-0.0026575241039376,0.0008723188925271,6.351881366119125e-05,0.002042327214806,-0.0020155828024996,0.0003575059708164,-0.0009888013215147,0.0001032957907848,-0.00168690404843,0.0004421906121362,-0.0006185171626125,-0.0022848925081697,0.0012276938743607,0.0020687081540628,0.0017525607453283,0.00033704869148,0.0017218369027998,0.0011132523360365,0.0007757409553873,0.0008229454934565,0.0002950791469707,0.0019424368034043,-0.0011470979337014,0.0004380520645035,-0.0015679304211077,-0.0008938954406612
-1.6752388473937432,-1.5418383622659555,2.289615553766078,1.8961406605404805,3.201896779223457,-1.4936561750414172,-0.0728614015079206,-1.0120834753157897,-1.2719954669612972,-1.8791063881791927,-3.494752002945899,-1.23177637041618,-0.914110716420643,2.137805012564085,1.2592970874134797,-0.7887955055234482,2.023871981573314,0.2407989753667687,0.2043731378455255,0.5236539838595027,-0.0009950409491121,-0.0010122127540322,0.0008719447439591,0.000435802956835,0.0010756211876193,0.001105968156076,0.0008395969365192,-0.0017577352491732,-0.0012764540713722,-0.0017301720136273,-0.0002474836875704,0.0002414913527029,0.0013459442487042,-0.000100837873853,-0.0003576105714254,-0.0008168127520826,0.0007199461556721,0.0001409290740345,0.0003736975074133,0.0005764371537145,0.0004565407817687,0.0001229356224463,-0.0003142519156084,-0.0006091364653012,0.0002404605497285,-6.741936439347666e-05,-0.0018808049437659,6.606242718522936e-05,0.001693312826076,-0.0013036479721189
-24.88365166929385,2.296214482129452,0.3016647901860297,2.4516238736894485,-0.974886445454552,1.1682634884467331,1.2627696314476984,0.4803366052740553,0.1787387378274715,0.214759356666868,-0.4626225083630922,0.7022344142121978,0.5150418034166547,-0.3041333853878284,-0.3154461297290167,0.3560596455458251,1.3073611500062463,0.0965428717643633,0.8894579352239903,0.2644173386822713,0.002476418268194,0.0018720916817116,-0.0031775153405919,0.0029722606290678,0.000823192418723,0.000806548396187,0.0018150197539023,0.0039278024609383,-0.0011905020871713,0.0014825008898253,0.0002057564987485,0.0017718145213743,-0.0033803036247089,0.0012526961357024,-0.0001303549561097,-0.0010869766917352,-0.0006467412245921,-0.0002605829031786,-0.0009449325510561,0.0023863971476623,0.0006823558752427,0.0021780029481179,0.000258635344793,-0.001091370184426,-0.0024181826079723,-0.0020244644958073,-0.00118380322364,0.0018408763823646,0.0023859818937925,-0.0013571497657624
-1.0618782862310232,-5.207358807991147,-6.890623628008291,8.579504916423963,0.8640164283991109,-2.509001463830239,-1.0018203263521162,-3.2865567381656184,0.152458018679137,-1.1435086667218874,3.770809928061232,-2.235139985530166,2.47161866280941,-0.8553685143666612,0.524309681984356,0.792282783570435,1.1727852764056284,-0.5296741448135849,2.6388488169113984,-0.1443201987993982,0.0016740150305025,-0.0009376101921261,0.0010430360574188,0.0005356870332366,0.0009215235444786,-0.0008165864034563,-0.0014784874972552,-0.001819605501888,-0.0009653249826481,0.0003072564981425,-0.00023453292131,4.041676698356024e-05,0.0007059005390536,-0.0016709992702613,0.0009850594002586,0.0011516952529189,-0.0017563690776374,0.0004250060925853,-0.0005824353393371,-0.00012046025822,0.0011921871637892,0.0030620263473263,0.0006427420683853,-0.0015967680179537,-0.0003204638218533,-0.0006785971713548,-0.0001018978536162,-0.001322716445686,0.000599725509302,-0.0005009665132349
52.99900788154251,-15.966960050166827,-13.373625670202046,4.562848728271472,-1.4263991092638946,-0.2909193762575243,1.7616759814103822,8.466976330860016,2.6606857434009483,1.5625060877850805,1.732222615285109,4.046677645477295,0.1815710545411213,0.4104912629846012,3.990593821514036,0.7331868152714748,0.2870242177167069,1.4175453153993065,0.243072197626634,1.5119721987767454,-0.0053646094138976,-0.0013945773894912,0.0005269451833938,-9.692489319341136e-05,-0.0004424335210851,5.308124687294191e-05,-0.0011469537311255,-0.0003447801774468,-0.0002329204470858,0.0007997987054475,-0.0002965417409413,0.0001246516002637,0.0003719921908359,0.0017071107241956,-0.0009475420832695,0.0002648636458287,-0.0005560373439178,-0.0003448003125392,0.0002758388579833,-5.7784683669731166e-05,-3.401307154737634e-05,-0.0008130843347745,0.0006375712475982,-0.0002682793686096,0.0001469411716186,-2.2782169842231973e-05,-0.0004580109864051,-0.0002568055748322,0.0006336679475365,-0.000620729759757
-12.135086483346171,-1.647336929673262,-1.150007031676796,2.114256796745713,-2.483148076617741,0.5751022099274703,1.2940030868975456,0.2483805011664536,-0.0298918475634428,1.66912484214349,-0.5543913634430883,0.5510145465537298,2.2248206015908925,-0.8187598585308979,1.0365464424271429,0.1262871311101999,0.0295886566946117,-2.0214002529387423,0.3878131745731721,0.3798083629271251,-0.0018550387578988,-0.0011214404297179,0.0003720208255035,0.0025923105384512,-0.0021270319499434,0.0001055769675775,-0.0018258394661077,0.0002834139100768,0.0017590459528602,0.0014226619174431,0.0016582110119183,-0.0018295813174383,-0.0003032622873204,0.0014045910625302,0.0012650282082598,0.0002241684482205,0.0018574951462874,0.0002099388060458,-0.0009722573165428,0.0007693069015833,0.0003264285640621,0.0008448475019653,0.0006961891071687,0.0005799940587988,0.0011134235225882,-5.286486065309952e-05,-0.0008407050945886,-0.0002867811443991,0.000893895029813,0.0002228314098524
-24.7077049437943,2.529222021693549,1.3354656612456126,0.7928584295449504,-0.6963073699675625,0.3143251055261834,0.8541640060084523,1.3587549052880723,0.1946153899796584,-1.771658732764074,-0.1555883298856925,0.9191941076628584,0.0104705750265189,0.5233966344012076,0.1236003960551186,0.704118184873486,-0.4238030185009165,0.1145291150256772,-0.2098203107699695,-0.2389096765558084,-0.0030224752303068,-0.0022410334871545,0.0041000431758981,0.0050498659937818,-0.0045583439312221,-0.0042948222415481,-0.0005590804581899,0.0007911333573242,-0.0024720331435118,-0.000540834398113,-2.8624384388596605e-05,0.0001866304481526,-0.0001439470162451,-0.0022518336887852,9.017857391827658e-05,0.0002070008876387,-0.0014561076882652,-0.0008877941893991,-0.0002603265085122,-0.0005755646127016,-0.0004294728373781,0.0001254266796888,-0.0003344079595834,0.0006568425979999,-0.0009896920984176,0.0008972746914455,-0.000719934196306,-0.0005074747327095,-0.0003910892808285,0.0003434615932975
-17.833405269803404,1.69186295786098,-0.6656296832690026,1.1474266158176736,-0.371971293068253,-0.8218979764179207,2.45778871348394,0.4904545186621956,0.7752975342581538,0.7224196971891561,-0.3252090062524113,1.4778175650057197,-0.6706701719289637,-0.8415421579156546,-0.2459748220811386,-0.3308392500039331,0.2571857449710118,0.2197393290561581,-0.5456724756327309,0.0026737429888997,-0.0005978080485834,0.0006909093186892,-0.0003328420502763,4.871589334343891e-06,0.0013610746160837,-0.0015834200994295,0.0011991727611341,0.0017316431733833,5.735439038989424e-05,-0.0029162646301614,6.526384704275305e-05,-0.0007355730160077,0.0011839038465621,-0.0003341882661359,0.0020817777985664,0.0014219889266282,-0.0003397333287669,-0.0005072722153339,0.0002919727937097,-0.0015263498488531,-0.0017879214086403,0.0006657981893028,0.0003902363158802,-0.0003789211495185,-0.0003971817673185,0.0011130782705008,-0.0002225531621537,-0.0009836816628415,0.0001018866552193,-9.334376599242469e-06
-2.993746830380341,2.034244675613434,0.2148062057419134,2.1343526016936325,-4.756139171746144,-1.3574081201434725,0.3245760117600468,0.1398519020502771,-3.4575874517217797,0.8181184775360765,1.0662389448151393,0.8127907380364396,-1.2171255407440416,1.7123074553665314,1.0358295559972015,-0.5863346322850767,1.4172704887249976,0.8095106550980004,-0.6663807478993686,0.851981363886798,0.0023783218167314,-0.0012968289205414,0.000572026772156,0.0015346383837071,-0.000815689124823,0.0008108013913556,-0.0011098604445976,-0.0009894771292978,-0.0020826786655719,-0.0003721046641791,-0.0011054724448731,-0.0015671729726593,0.0014348942682214,-6.169687807921046e-05,-0.0004304142102502,-0.0004988011891896,0.0012330803175199,0.0015385901061678,-0.0005172471389058,0.0002924782373346,0.0004107482028398,0.0001385399054712,0.0001741461148833,-0.0010277642123428,-0.0005456734860272,0.000473886582303,0.001476848066596,0.0001570827607786,0.0001887571609065,-0.0001085552695244
-23.72161868420335,2.6106950631200534,0.1232215136255884,0.9442933223237212,-0.7095979937440364,-0.4621634775221203,1.4529388105456005,-0.4293918059842366,0.231374934185922,-0.863745884059727,-0.6133998569127135,-0.3197414591441859,0.6805121461402602,-0.6003900938341182,0.6749601587299267,-1.5967113287410175,0.8999383233160426,0.2236427193771596,1.0465080097276418,-0.0008132570819774,-0.0018700464677161,-0.0043969277626764,-0.0011671603200273,-0.0029083437812272,-0.0003816422566488,0.0001370119028693,0.0011643373226372,-0.002512570156463,0.0006407590086381,0.0007878501497034,-0.0021329094260644,0.0003883463989981,-0.0014348035865921,0.0014331599565145,-0.0018850867105332,0.0012116960274979,-0.0003987699152431,-0.0019032944941262,-0.0009155604646082,-0.0014350453690965,-0.0001990038036312,-0.0013759745584943,-0.002431213507667,-0.0004731347193495,-0.0009633940369336,0.0001983259457751,0.000488973474124,-0.0006956831528418,-0.0002060525208884,0.0021550925164782
-23.32368160650818,2.660016184539749,-0.7590361244806738,-0.0847753676858383,-0.2439469682446081,-0.3408071949073974,0.959007052221236,-0.1327169736480259,0.4531668465469136,0.7323880469477481,-0.6832754847246747,0.874948095969134,1.1473762401395444,-1.1354164168927878,-0.0297103101616507,-1.1023300489740415,0.4781948983004962,-0.6957844976393254,2.564456986331828,0.1746228691852387,-0.0029391806455747,-0.0006513313216015,-0.0007866456270276,-0.0023584867236982,0.0002866296741069,0.002537412007268,-8.816816579898938e-05,0.0014602696561131,-0.0010713170662276,-0.0005427637902259,0.0012912058032689,-0.0004544660532452,0.0003328558806064,0.0013714419120816,0.0007689904094722,-0.001408814049427,-0.0006492344474423,0.0017721765511702,-0.0005250175721121,0.0024516515174225,0.0011567799529523,-0.0008274540032169,0.0015468181599225,0.0002896287129363,0.0011718091145247,0.0003835694198224,0.0020465610459088,0.0005709540137215,-0.0005162893498465,0.0030304004907928
-23.4203971347104,2.374373609677785,-0.2128921617879315,0.3731885168729504,-2.0867763482714694,0.1507963234892307,2.289368012558384,0.578340445770118,-0.2074791567349832,0.0933712052401201,0.5573504767208498,1.062737554743645,0.3953613968300994,-0.5422695550804415,0.3660760274700283,-1.681053870162706,0.9069839885672972,-0.4028349937153611,0.506670951276232,0.1762723482144682,-0.001621314944508,-0.0010829956687477,0.0046260270275183,-0.0036648421335016,0.0009446040553143,0.001418563563251,-0.0005757399325311,0.0043785717621851,-0.004518022237961,0.0021600974311641,0.0010182697852004,0.0032018116138802,0.0015492035629084,0.0030615112214289,-0.0019391368999814,0.0005718064167684,0.000617998951667,0.0004781204888502,-0.0003375618353627,-0.0014788317475549,-0.0015395800744658,-0.0010298824718124,-0.0002570281602372,-0.0003388085553268,0.0009091834998978,-0.0027383569428216,0.0001223348603399,0.0005571071933086,-0.0007233031071229,0.0013139503506274
-22.92872483339975,2.813847341444049,-0.6923024111186331,1.3445909769871267,-1.6910594050483094,-0.3332330770831271,1.836164859989852,-1.2068599724364792,0.992767316157287,-1.2180593950543106,-1.3164150757702673,-0.907941416220934,1.4330016019530996,-1.0948635396577016,0.5626359412872225,-2.1298515061240275,-0.1986892810052885,-0.3322636310941887,0.8528438392100007,0.6556407418811953,-0.0015210010009671,-0.0027857295198709,0.0026665095306155,0.0013667740431233,-0.0013361542822955,0.0011183712711512,-0.0032683024101321,0.0014118661546062,-0.000696027274759,0.0027065320009147,-0.0018051035966388,-0.0024553556996637,0.0002824847620505,0.0004408472954753,-0.0024149805581407,0.0018827221674295,-0.0020372257352712,0.0002241907132823,0.0004608093116059,-0.0023435428333619,-0.0016480044972575,-0.0017635533496456,-0.0022482501363001,-0.0036148030775687,0.001545655956076,-0.0005518096815216,0.0004186392740449,0.000531075010232,0.0026802127479706,0.0007816907909293
14.116399139834916,-0.4030727179912577,2.973084256418615,-5.872481785875825,-3.9926292484514314,-3.631905401750127,-2.2694826760239186,-2.459635238082372,-0.8499954892443985,1.44329586956635,0.9090444485574014,2.216464925427485,0.3151150779766786,0.194875127614115,0.32627567489305,-1.237503853343728,-2.2290568228006813,1.4912682257532044,2.026179069736225,-0.3453627271239064,0.0008291467433105,-0.0014483671068801,-4.607771763017746e-05,0.0019921400549327,0.0005286814545325,0.0003222220863447,0.0004941145587704,0.0001499579505301,-0.0007156486318713,-0.0001075529236058,-0.0009521895563636,0.0006627526442363,-0.0012928080190283,-0.0004385276088111,0.0004253163941362,0.0005955939035592,0.0012676294797486,0.0003351916927366,-0.0007538616513227,0.0009536916629262,-0.0001634245462909,0.0001069374058939,-0.0013127065921728,-0.0006721970912167,-0.0002024399943656,0.0008196439274688,7.845571332652424e-05,-0.0007052584548575,0.0001191352225739,0.0006537234981189
-7.721175400416476,0.3386691253947066,0.6019515691619094,1.491186031511783,-2.280946009101512,-3.1829767697000704,1.2124225751807347,1.3401060938907936,1.8960391329246131,1.3483599014559826,-0.3609678057264799,0.6523454138804449,0.5569066314060196,-0.5960674679242557,0.7306670559291121,1.608311327815742,-0.8890993242190665,1.6551442343362088,-1.465950097851188,-0.5702429980639282,-0.0008819513591643,0.0020191002196984,0.0001797300412693,-0.0006003462421715,0.0002983167452995,0.0021514007303506,-0.0006551043058887,0.0019521525041597,-0.000389845505049,-0.0011615941684179,0.0007234268895536,0.0004377257849632,0.0010447524237749,-0.0008473984233959,-0.0012569136433874,0.0002543676518787,0.0006327789951749,3.8589121599745165e-05,0.0020412826506376,-0.0016003777771455,-0.0005436864558142,8.793426139471151e-05,4.500155067239183e-05,0.0004276130468862,0.0009959075808861,0.0006003304818766,-0.0001180866984298,0.0002195883085494,0.0009963232992416,0.0011510951445175
28.46331567870761,4.571624639664717,15.845974987613888,-7.888102727920691,-11.02368960437163,-10.530156930408616,-10.40081342348762,-0.1614771010975632,5.896628784960642,-0.0983388752465789,-0.1374311579029961,4.072373094493912,-5.537626657398727,1.197499031804675,-1.608294548342014,1.2520153749337233,4.564774641007314,1.6778471919394595,0.6071433274929096,1.2090163396144482,-0.0018645967866262,-0.0001686521912218,0.0001320601332722,-0.0003328190756102,0.0002341662883356,-0.0027032395255364,0.0011654965576725,0.0007188171100873,3.772603957710159e-05,-0.0003797371947391,-0.0007527349733276,0.0004795731938458,0.0002102300389786,-0.0008346624742269,-0.0002465575790712,0.0017666528375798,0.0001900674000339,0.000664644695857,0.0003575917020613,-0.0004439155284093,-0.0004271978549912,-0.0007213250016539,2.860373937124262e-06,-0.0007655009441875,-6.835810218600823e-05,0.0001791163059812,0.0005881449469052,0.0007344235992543,0.0002301635943095,0.0001270470716268
-7.470613525038392,0.9468488808789092,-2.8629135543232853,1.6075900681961186,1.2256159874014696,1.9317784356297456,0.2778794756252097,0.4542053803566974,-0.0046607257528375,2.386153018722065,0.1095315617894224,0.3050141121411963,-1.5727749423426465,-1.208272087235667,0.1455451302928425,0.0856277795432436,-1.0330666962222124,0.8537770304004785,-0.1028487366642573,-0.5199066190191757,-0.0001552318524924,-0.0004241230718012,-0.0013779768965271,0.0017529570211764,-0.0006793610650583,0.001165187492978,0.0002391523077688,0.0008328827067726,0.0004935584062179,0.0001356692966384,-0.0010883567522777,-0.000196933426321,-0.0001759101188774,0.0009683271677375,-0.0011544687765272,-0.000275869326081,-0.0005626956102393,-0.0002135519657074,-0.0007192504924691,0.000719064863112,0.0008441451828604,0.0016511438649397,-0.0005327757493946,0.0013060272518867,0.0002333415441774,0.0015659467228336,-0.0013107129390888,0.0008301872460494,-0.0008484110845193,-0.0005254778811208
-12.048679504341395,3.417931668404525,-0.6781029276385423,-0.1591711377361209,-1.140191964310291,1.6651418919421856,0.4953549956374165,1.85669359022748,-0.6079219707874906,1.0012269885839855,0.5997636204061862,-2.170320451634083,0.1739804904733512,-1.807558567511403,0.3610937781725358,1.5396486300597036,2.2725289181400723,-0.9111162041916002,-0.5936372560408221,1.4313538069283471,0.0020525493888792,-0.0016262774369346,-0.0006817981578083,6.789559453155852e-05,-0.0003331592187252,0.0012318039131903,0.0015085511890171,-8.218952957511176e-05,-0.000229904532998,0.0008744092272449,-0.0012467511926327,0.0009277969330428,-0.0006199743291584,-0.0003614373026662,-0.000420958506768,-0.0014603285877733,-0.0027357964335003,-0.0009149332263971,0.0006560523918043,-0.0003124353991734,-0.0014431911159156,-0.0013762552410335,-0.0018245671562464,0.0017919354396283,0.0003917342637227,-0.0004071435434872,0.0006494542000165,0.0014053726756938,-0.0009123230847052,-0.0009378245423161
-26.844172665848877,3.530377052703269,-0.6925520069510607,3.171418404196483,0.4174157404534661,-0.985136592357386,0.7050776860527678,-1.0579629070701515,0.635890993985932,-0.2982831582149466,-1.6520981017980545,-0.4706334687370805,-0.3268396155000733,0.4877566998985539,-0.3410526908925724,-0.9241082336541117,0.5488570244371896,0.4579338650052806,0.8493387788690056,0.118498458150697,-0.0017781266941678,0.0086773240333104,0.0011735852842705,-0.0017866751338524,0.002635504442843,-0.0029643344296289,0.0019224691349203,-0.0012721674821826,-0.0032622259456871,0.0067702715350476,-0.0014513215963274,-0.002270472260499,-0.0003452561836316,-0.0017821338144798,-0.0011304946811433,0.000687033678719,0.000298600289043,0.0005903881603742,-0.0011804400883703,-0.0042272536015567,-0.0003510557688388,0.0008613670611924,0.0007544638840691,-0.0012323068003808,0.0002896276850763,0.0017062882646424,0.000814582042526,-0.0009011258286266,-0.00019151756533,0.0004110284239375
-23.596432185566464,2.4983777237458886,-2.7358122435508387,0.2976228760759576,0.0008388891523917,0.3969626570979541,-0.7916544251092755,-0.7427381291324905,-0.1306103872275524,-1.1891012849126217,-0.5991272049698884,0.2329991804670262,-0.1307363607720414,1.3019529950794169,-1.5460250224175434,-1.2426850759470465,0.1477190683426378,0.7594579128897229,-0.4852777884795116,-0.2795991801943965,-0.0055991086864178,0.0030464517579018,-0.0005142075625177,-0.0003553610448838,0.0005313119788145,-0.0004798737740061,0.0007508561220499,-0.0034434715153618,0.000492212304527,0.0021013753138099,-0.0035864263056033,-0.0005683241024769,0.000575677840328,0.0004010877868694,-0.0008669393785503,-0.0027096487924462,0.0012029864723664,2.2035772949576423e-05,-0.0005059460465997,-0.0005523767107217,0.0021003569940719,0.0026344259179743,0.0009813202891794,-0.0007024075603886,-0.000598558127685,0.0002908331262895,-0.0007198085704678,-0.0023597659115962,-0.0016711809939646,0.0001357113685546
0.8994728999430285,-8.527252880603614,-6.009927448757314,1.4705606452034383,-4.5173413675584175,0.9798799489607072,2.2385471327955577,-0.903222729635915,2.675860552225255,-1.3593293556114112,1.9280391404994504,-2.991417178568926,3.663502293867981,-1.9083466461264191,2.562770027544014,-1.793920495973346,1.5997730583479022,3.2645308521539707,2.561695474096908,0.2746963316984889,0.0011803625444056,0.0005638693762108,0.0003481084379086,0.0025915726947614,-2.7524531999591345e-05,-0.0008900228528842,-0.0017462193674742,0.0006468294525992,-0.0002389576743691,0.0009078746010794,0.0014205557134349,0.000935610953737,-0.001370358905596,0.0003018499665724,1.130241355129001e-05,0.0010158583522468,-0.0005931674824584,-0.0011556528244503,-0.0003970882535384,-0.0004796798844739,0.0017038104473273,-0.0010014837209284,-0.0002298868177597,-0.0008384835229048,-0.0002342792506271,0.0014215624568456,-0.0005746279761624,0.0002618362983522,-0.001248519544136,-9.631569950451134e-05
-26.897568900366757,4.782213242864753,-1.9894202015964328,0.4889694585491893,-0.3804418993192952,0.7090609645080367,1.4742660955231446,-0.1498493741521916,0.9206642889653294,0.8156776282190759,-0.9850459312291272,0.6657059418138808,1.1555023733972687,0.1013812070921446,0.0611636458532204,-0.0306031133449254,-0.0803914272536796,-0.2314357376187323,-0.6761665000573177,0.105521716521622,0.0004995425011847,0.0076079857230753,0.0021990813741626,0.0028860135358687,-0.0009239552436813,-0.0034936500285205,0.0042753113948861,0.000654540466047,0.0045140006000855,0.0010031998827537,0.0046884517411231,-0.0002606457919442,-3.201762812356908e-05,-0.0006144163738182,0.0006384631244952,-0.0044935979400266,0.0002773983538633,0.0048709801219361,-0.0010462671403951,0.0007384190855852,4.5498557337562864e-05,-0.0023132457843744,-0.001403987596,0.001259201316023,-0.0011440834413026,0.0009023265230056,-0.0005945730707883,-6.950713468996746e-05,3.444532482603894e-05,-0.0005682840792526
-26.897568900366757,4.782213242864753,-1.9894202015964328,0.4889694585491893,-0.3804418993192952,0.7090609645080367,1.4742660955231446,-0.1498493741521916,0.9206642889653294,0.8156776282190759,-0.9850459312291272,0.6657059418138808,1.1555023733972687,0.1013812070921446,0.0611636458532204,-0.0306031133449254,-0.0803914272536796,-0.2314357376187323,-0.6761665000573177,0.105521716521622,0.0004995425011847,0.0076079857230753,0.0021990813741626,0.0028860135358687,-0.0009239552436813,-0.0034936500285205,0.0042753113948861,0.000654540466047,0.0045140006000855,0.0010031998827537,0.0046884517411231,-0.0002606457919442,-3.201762812357292e-05,-0.0006144163738182,0.0006384631244952,-0.0044935979400266,0.0002773983538633,0.0048709801219361,-0.0010462671403951,0.0007384190855852,4.549855733756205e-05,-0.0023132457843744,-0.0014039875959999,0.001259201316023,-0.0011440834413026,0.0009023265230056,-0.0005945730707883,-6.9507134689968e-05,3.4445324826037866e-05,-0.0005682840792526
19.42864599652953,7.131682403151709,-3.003871587962554,-0.9562266038743412,6.989518025674209,-3.9351868681727273,0.2042132136006035,1.9367368613845617,5.084799835191471,-0.3733858787248095,2.546739812870832,-0.1306548694663717,0.0123015946828041,1.0434598755199436,1.2433569545277416,-1.5429059202916393,-1.179574109760336,-1.694084819500126,-3.6730788753369694,0.8077947421891042,0.0008510483070709,-0.0015718183198594,0.0004050822689869,0.0006683290204395,-0.0007990369469266,-0.0014465842543218,0.0004192000805723,0.0011048339203305,0.0007569718508605,-0.0003374955448344,-0.0007973035513133,0.0002800982401612,-0.0001166796147122,0.0010237993855633,-0.0007112756843583,-0.0004794905415889,-0.0009966546577877,-0.0004629747669151,-0.0008922482480199,-0.0008268407913795,0.0001885821915814,0.0002825542109968,0.0003944043153377,9.301455656135136e-05,0.0009470147157803,5.397320593238465e-06,-5.172036582554396e-06,-6.151161830412266e-05,-8.207895653692894e-05,-0.0002516988545169
-5.233535280217015,0.5505911084038234,-4.175521491415032,3.2887202928561514,2.496006373874966,0.268312642377208,3.851674014790228,-3.135415968401382,0.5429643796854773,1.57985706414247,0.3024217183222126,0.9173531866755068,-0.7190279331135901,-0.9951318472009644,3.744853966762434,0.3207223413166396,-0.1859694979089053,1.163367381780991,-0.2613842502005914,1.1213658241632154,0.0001640107591029,0.0034368416390519,-1.2669388270207449e-05,0.0002894606340279,-0.0003358454952013,-7.585061593765961e-05,0.0011728161805494,-0.0008213506329411,-0.0008438173554456,0.0005278930568574,-0.000563049925926,-0.0003056365869707,0.0003028294417231,-0.0026559781749298,8.938519131682203e-05,-0.0005713372690189,0.0002837709070732,0.0013329446486963,-8.94184743522482e-05,-0.0019189255773046,0.0012506228529164,0.0018950179431447,-7.194169769392388e-05,0.0003667049846217,0.0001295643930003,-0.0004960947539129,0.0008897668438563,-0.0003322596018985,0.0002689026762164,0.0003458037977032
163.65974397773442,-22.504840118744344,-31.318652200402557,-0.1619949379657396,-7.963073535727315,-11.618465535455886,11.474300140619494,2.9491408118240026,2.8244327058268675,7.656446721040175,-5.603126203520528,2.9244715062180124,-2.7909011753266237,-5.660545696029872,-3.27498991783613,-6.796000076898667,4.056940728334993,-3.9123430482355994,2.392570188432317,0.3690416183514308,-0.005946291591006,-0.0014997315441705,0.0013314157885908,0.0004301934074446,-0.0015246436863006,0.0004882701870462,7.465391821836345e-05,-5.072555111241849e-05,0.0004009024569357,-0.0003793953430884,-0.0001808954636253,0.0005097265544804,0.0008448518782379,-0.0003499288092399,-0.0002330152782614,0.0002344270668899,0.0005277482747695,-0.0003315568944078,7.381921837206677e-05,7.410692432883086e-06,-0.0002196067898103,0.0004357758545261,-7.195970213234129e-05,0.0004232078934921,-0.000188930726107,-0.0005227895147797,5.68776491109267e-05,-0.0001172844972572,0.0003130276735951,0.0002710902047159
12.436271984394978,1.7517274078075729,4.723659580234243,-4.005183795906732,0.8426814966714782,-4.629058285058199,0.1117852938384424,-2.4878547125744226,1.993282426239244,-5.066479488730828,-2.152640251105821,-2.061865665353711,0.6227282916114706,1.2487697013300945,4.57861750064012,1.9372119751704324,-0.7793435698231713,-0.3536358549657795,0.2903406555323115,2.4335777099486515,0.0013403280033156,0.0009182304899655,0.0012583213375651,-0.0004754262735736,-0.0003443096932785,0.0002059188317012,0.0014335567157067,-0.0002496029803292,-8.663098084098379e-06,0.0006666124104944,0.0001313296466847,0.0002310621748105,-0.0005775391118589,-3.9479103689424925e-05,0.0002918579044978,-0.0004463088008397,-0.0001437466145055,0.0007175770143744,-0.0003403614226637,0.0003992234600898,-0.0002644155586942,0.0002595001284308,0.0004758204216925,-0.0004772348995351,0.0003441219337831,0.0001144637597677,0.0001190524454232,-0.0003811423780799,-0.0003208372027828,-0.000499886609845
-22.292892521387508,2.610996657051307,-2.430943088275582,2.4103522835212643,0.1346806193271204,-0.2932270038686563,-0.5211137610674714,1.2787031675827922,-0.3734932803132256,-0.6113365295368609,0.7569030977268991,0.8755155877413507,-0.4825914268063053,0.5489870399981491,-0.286521260723326,-0.3380992409975615,0.4204039715694168,0.4928405693744181,-0.3487522683578715,-0.1990377004827347,0.001429834193829,-0.0015924008995562,-0.0008639745240974,0.0025459700244113,0.0001418768535619,-0.0017740110652049,-0.0019923352323572,-0.000660288837008,0.0041098061513387,0.002416147666875,0.0002652821451516,0.0038412160644234,0.0019235766130618,-0.0026798325148073,-0.0022440267786675,0.0005369788303135,0.0016452024509459,-0.0020669978832061,-0.0027489312778169,0.0022930435500089,-0.0016710889188734,0.0022094857863824,0.0006689454007197,-0.0006823381965789,0.0009255645515975,0.0011505602418667,0.0018682500653708,-0.0016567324655816,-0.0017037760408851,-0.0010218362587585
-26.33795613214361,2.796382658186655,-1.949473794773796,2.5112153265707056,-0.1021730878352552,-0.9053497398024012,0.9535529120606908,-0.7382525710629869,0.187868675646884,-1.0157680979254842,0.3155974552868529,-0.0796522308737654,0.6638376030615467,0.9340098364965236,0.4424184321077058,-0.5771187574899804,-0.0314940416599803,-0.0353385438665707,0.419721272137117,-0.1361922501834566,-0.0066169358582668,-0.0015805880392051,-0.0026668834023556,-0.0026953624995628,-0.0038563702417862,0.0012840203132679,0.0032743721826634,-0.0021411873310136,0.0011776333034949,0.0001085388636814,-0.0016143630846463,-0.0039907846058188,8.767493225244716e-05,-0.0006371884803963,-0.004065862421628,-0.0010847619576043,-0.0009545257309452,2.1613140756173167e-05,0.0013018268448966,0.0023931204557197,-0.0021369523342645,-0.0003175556131557,0.001609660602799,-0.0007675158255693,0.0025035232180901,0.0021676628545075,-0.0014833188361611,-0.0015744478088036,0.001175183823814,0.0007998339240831
11.223435096551784,-2.9089505648774026,6.481800976164904,-4.58869150274631,2.299904230088895,3.542601308858373,-2.1138026273199544,-8.495349918425562,-4.082714112473512,0.8683813224579333,-0.9338958377270188,1.5513853500537491,0.8242518877049734,-0.3337518514445367,-0.709375169071387,-1.113622187738354,-1.0751912177337708,1.5165207340343247,0.6833068064249045,-1.2370073149319498,0.0021077610291339,-0.0001597109173074,0.0001800256924839,-0.0007137307632706,0.0012489156073447,-0.0002372889936638,0.0006946016857966,-3.0285326639132502e-05,-0.000452682320153,0.0006224262068221,-0.0008081373971112,-3.12082750629332e-05,0.0006932396557409,-0.0011977225340749,0.0006899802040391,0.0006133796969965,0.0005661911820899,0.0010834039060993,-0.0013351158141099,0.0001325643627597,-0.0008836547382847,0.00072015150869,0.0010894275455399,0.0016108194525017,-0.0004706719955139,-0.000234487520405,0.0004392783807075,-0.0003397073403104,-0.0006454412528935,0.0014174840424362
10.97775312175798,-6.175591697500263,13.797970507952456,-7.89466152358212,0.0740420275821222,1.2362105218832948,-1.142428174992603,-7.890231073953444,-5.423491265265183,-0.8938145994093144,0.8515409768223082,4.484359034477696,0.3067768399075691,0.6596695681090249,-0.9654439679115936,-1.5139873339748755,-3.4193690173058884,0.7098228787016081,-0.3008733270359907,-2.2757703868299872,0.0017490502156868,0.0019770262163708,-0.0003272970062308,-0.000211998166514,-0.0002051967144699,0.0014494577567271,-0.0005211380626861,0.0003698773013456,0.0014603501317593,-0.0016119313507443,-0.0005907511843026,6.055481720497481e-05,0.0004786101221466,-6.689587022957539e-05,0.0005254136622049,-2.915052877677117e-05,-0.0002644443242244,-0.0014688900196344,-0.0001719643354017,0.0008992676912374,5.113000123294459e-05,-0.0007748853597705,-0.0003982565896326,-0.0005616981508209,-8.393178644223963e-05,0.0009168961643984,-0.0002633451574666,0.000646930424619,-0.0003221210002155,0.0010792092875944
3.349531512349207,-0.0880462409842615,4.26278022572322,-0.2065162021272255,-0.7729709020696618,3.990051540722755,-1.1124730646198475,-0.1378599325471115,-0.3459878830150718,-0.552826085013773,0.5150178856930517,-0.7406302449867226,0.067288517263402,1.333657961271384,0.4917788913310537,-0.9292104479885216,1.668081109107488,-2.2248711439209843,1.7540070688702407,-0.1732342065949861,0.0022680773939712,-0.0004034135870382,0.000725599903949,-0.0008003989281825,0.0008841138206896,0.0005918442306183,0.0007331017489885,-9.388088467880416e-05,-0.0015295934241798,0.0001871562037195,0.0003398854591889,0.0007129283843003,-0.0003613951028525,-0.0004403635584755,0.0001970077069492,-0.0001076784435596,-0.0007130333410452,8.262231142326053e-06,-0.0001997061553933,8.726382171660659e-05,0.0003488073093955,0.0001418533273434,-0.0007758315398967,-0.0003452505334636,0.0006218472400945,3.850971342784229e-05,-0.0004264122121725,-9.478705187836892e-05,0.0007795834856442,-0.0007341937235979
8.126578949829476,-4.546453085985062,8.352722837657748,-5.47475670177564,-0.3415079178290917,-3.883208222579766,-0.6677345124523907,-3.4681063824172296,-2.2729475486645767,-3.146260822700387,0.4772240578001472,3.322515721360753,-0.038826617739528,-1.8685876064044795,2.4517778887159967,1.3428653950150524,-0.3049204094128454,-0.2323636829741068,1.0028291599423589,-0.6821384908559994,0.0003490627162416,-0.0011090612600713,0.0017640665580379,-5.083879917806717e-05,0.0006064853716906,-5.406695235225748e-05,-0.001039511222161,0.0005515524451563,0.0007195922731861,-0.0002936125178257,-0.0005323023857381,5.950568892244922e-05,0.0001454974994482,-0.0004835849717504,0.0006326517715915,-0.0002116204247191,0.0005069275062514,0.0001911446403494,5.8730215141030135e-05,-0.0006297065425917,0.000860716823631,0.0006908432288061,0.0015408535178724,0.0006672625037458,-0.0004711595348278,-0.0004633599731974,0.0002177946311512,-0.0004823097017949,0.0007503699600249,0.0007494198458359
-8.792737729233828,1.6794952076496197,0.2713318476741579,0.144608667151477,1.576721654958703,-1.0989934707691185,0.0802671159483502,-0.6600749365699929,-1.135073316103019,-0.5692922283550058,0.7665922469449254,-0.5195621560321412,-2.32756529499792,-2.0388983481619656,-1.277787766129098,1.6273913671197675,-0.9957082574861336,-0.1682592181514436,-0.985589228710552,0.1681705819383172,-0.0008827192437106,-0.0018051513148424,-0.0010465264709498,-6.449477068029598e-05,0.0030746036810657,-0.0007410409748504,0.0015277604942611,-0.0008859065744988,-0.0014615694135543,0.0009201476206338,-0.0013696463634685,0.0002289174482525,0.0009367824867221,-0.00052366071514,0.0003707594890714,0.0001474822128663,-0.0007472208180127,-0.0012923501249879,-0.001136322234853,-0.0008175205524007,6.095423899196501e-05,0.0015204752155844,-0.0015810026939395,0.0015213538599066,-0.0004294447781445,0.002230275802381,0.0011365944234362,0.0004862261353169,0.0004934922106085,-0.0015627747539719
-18.94662212933526,2.2821150552372678,-0.2056433172925661,0.6099074634561719,-0.7007028180775263,-0.2606462166235013,0.7268644058364028,-0.30416573728167,0.0050703677835842,-1.361492891126383,1.1635521689968735,0.333432622577841,1.2396325583738148,0.4100319918011739,-0.8009538432421569,0.7298699376305432,-0.428649913441739,-0.1222945433058123,0.8168175308456258,-0.7914530833648268,-0.0026834176571525,-0.0016125001328528,-0.0010065656348307,-0.0051303937233564,-0.0040378470854581,-0.0014619668087566,0.0028578235019979,-0.0009414508047498,0.00058442830352,-2.715567025773149e-05,0.0012122884460489,0.0007964637441105,0.0004866526752773,-0.0006848378890103,0.0008368895855633,0.0001286279248336,-0.0005461299657632,0.0004490331859876,-0.0008575630596491,-0.0005023441265763,-0.0005048895358393,0.000199209638645,0.0011954885576565,-7.20803916750228e-06,0.0003605257562692,-0.000864020874933,0.0001753901373445,-0.0004681084246393,-0.000649361330249,0.0002421490691556
-26.305639572800807,3.580011895187312,-0.3132426325690742,0.7366532172106516,-0.2648472021380397,0.4655886546279798,0.3410635591156605,0.2082222772684677,-0.1496597710925492,-0.0338405899999635,-0.95350595900615,0.9892504690533184,0.5252104295474256,-0.0126138565805249,1.2440617819432285,0.25664257952817,-0.3194933672840447,-0.1186196785586438,0.5857349218603198,-0.1143697621345843,-0.0006801105957743,0.0001042181295442,0.0001517597328603,-0.0003981106671831,-0.0016776953074757,-0.0019609975433201,-0.0062637074006822,-0.0019613799149994,0.0003652390362876,-0.0045092949746702,-0.0039582087193738,-0.00136747731151,0.0031097618292033,-0.0034724052734712,-0.0004123366495582,-0.0002141429229691,-0.001201836924083,0.0040051877423757,-0.0016299741828026,-0.002974549531488,-0.0032700206205412,-0.0007272417025558,0.0054900409656382,0.0018709777361739,0.000735259238712,-0.0011158823807889,0.001162903855653,-0.0017188717804367,-0.000401963432797,-0.0013618450715644
-18.85632989926749,1.8746641037114853,-0.0180771059818157,0.2683416406217869,-0.1324019122124025,0.0604015708047867,0.9476361372477768,-0.4105090097716358,-0.2712455103744521,-1.6898538130122318,0.7232631028706407,-0.1890377709285436,1.4128892901533716,0.7720462465490067,-0.3615964063146538,0.7570324340117554,-0.693076847566219,-0.4659569903404446,0.981283456090894,-0.3874538371773477,-0.0035850882540474,-0.0004914695169547,-5.5009950742356656e-05,-0.0044491020817539,-0.0043458815788111,-0.0028629842270473,-0.0018539599390898,0.0010111575582713,0.0015554009933388,-0.0009433771414953,0.0002187129304157,0.001737082995604,0.0005271146844393,-0.0011891209272049,-0.0001758649170697,-4.0649395585281176e-05,-0.0006097942422585,0.000824237059087,0.0005790129198531,0.00015457553628,0.0001173324071156,-0.0001422679553061,0.0005081530576063,-0.0002865268914387,0.0005432063264788,0.0005316345785646,-3.64906784437037e-05,0.0011845467789014,0.0012916527868923,-0.0005765169936532
-9.86683139203826,2.1050268898951248,1.189931129620646,-1.7461506807473768,2.1107104461696777,0.1913001216110541,-1.179123578723225,-1.2603755238242114,-0.2520707205105486,2.367532506325164,1.7251610687089367,-0.7827003558243812,0.8467998516136743,-0.682365889052959,1.1642522413248448,0.4735673013628236,-0.2170682883060587,-0.628079740641863,-0.2382064465790191,0.0741657289704052,1.871707415025929e-05,-0.0024340338750223,-0.0012419427517316,0.002042321141193,0.000746537067122,0.0008451092179245,-0.0010366325191555,6.588064392496352e-05,-0.0004983709254673,0.000594175709818,0.0001296212227553,0.0012084523677527,-5.588643441530487e-05,-0.0004138818951324,-0.0014250235569202,-0.0005776078974354,1.940769913500053e-05,-0.0002694453713167,0.0001778199766947,-0.000300247911898,0.0006798272660901,-0.0012039730209021,0.0019093067549033,5.745998788809998e-05,0.0005280167441593,-6.973696072839369e-05,-0.0006140559184449,1.466614565601005e-05,-6.261826071218254e-05,-0.0003945841201777
5.646323883477167,-3.767786700489236,7.187790612707466,-5.473148095674503,-2.728778936621199,3.74692905395552,-8.139680804472997,-7.399947490531277,-0.1659733552606864,1.2946226501669342,-2.712762687905021,2.0391202827506305,1.5086005985002846,2.3871382783351844,2.6879952806810463,-1.4629283163553244,-1.8502095197306003,-0.4233990653228871,1.2071386501288937,0.3861817492224179,0.0004812163733125,0.002371178626399,0.0005516187316532,0.0014842297465552,-0.0007603671062657,-0.0008515583226351,5.629242855434753e-05,-0.0016752207697288,-0.000497033649883,0.0010885210588584,0.0010671737854735,-0.0012251832735243,0.0002444506662427,0.0006542559147026,0.0014727832509802,-0.0001867179394788,-0.000502644481473,-0.0007855345833155,-0.0003337951301901,-0.0006164841507828,0.0004735494567409,0.0004119618601363,-0.0012727613494656,-0.0001082858816946,0.0010146230514407,0.0002870398150043,0.0012623128798457,-0.0014439618988062,-0.0004455329980525,0.0007903565148982
5.276613898926772,6.759323299509479,6.02526107212848,-1.1252867914319045,-5.3066984461626445,-3.920868152148401,-2.1204255430770163,0.8228203413410395,6.936530547873785,-3.67900786543044,3.7190354947320334,4.592504885774134,-3.9266660060903256,0.3893024417103561,0.1279453580669886,0.3980513258783827,3.141397259231363,1.500853392668373,-1.3731577492864362,-0.7351055840152757,0.0031252087181179,-0.00057592573766,-0.0001687146791934,-0.0025059065660657,0.0004355037381742,0.0007621562337218,-0.000430907740549,0.000578871676924,-0.0001333623750006,-0.0002115858402719,0.000420949096864,0.0006767651049665,-2.018833013105068e-05,0.0008180879397913,-0.0019619666348783,0.0003628677770582,-0.0012122650888172,3.7386370461541534e-05,-0.00023596032797,-0.0001107938266861,0.0003955152501715,-0.0011096440353222,-0.0007051164886032,-0.0001361676948188,-5.826447914918764e-05,-0.0007269279341574,0.0005954076544455,-0.000651132871313,0.0002937758569016,-0.0010625851763566
93.998248682742,-24.051103636300585,23.690639809654595,-31.984488491677663,-17.280529069129255,-15.870615498161303,3.272637674303793,2.9683930079527627,9.545363500965712,0.948615293781626,9.664913123320458,16.839072736084432,-3.5807079507541344,3.139083092169732,2.752977151130484,1.1897351605061828,-2.763539006086273,3.2265731813560667,6.888836632139283,2.06104696649836,-0.0040396248087367,-7.788456113452262e-06,-7.766031982386024e-05,-0.0007205491632411,0.0006715522896486,0.0009397935221873,-5.615172690284445e-05,0.0006822390482504,-0.0001190401718882,-0.0006043527894435,-0.0004340819110022,0.0001714587794127,0.0010391782231654,0.0004329661432198,0.0004153619994301,0.00051645676842,3.448172499391378e-05,-0.0006571977159745,-0.000392485188275,-1.3305360243624294e-05,-0.0002105573182255,-0.0002069371553839,0.0004808872668437,7.842905117525508e-05,-4.3658629051986845e-05,0.0001948108484006,0.0004421726364335,-7.66415349786934e-05,0.0003459208003361,-2.942961224526312e-05
-25.12525090566485,4.578353678087151,-1.1466544685064128,1.2437079952975854,0.883152751282024,-0.5501030900015333,0.6189385731819934,1.5837079761126058,-1.5162617899270652,-0.0581183361597015,-0.7368384621044557,-0.6015075831360139,1.170228052828606,0.6146320191495819,-0.9699376987110764,-0.584858972924382,-0.2521056145064887,-0.1324162369446765,0.3204987955246556,-0.2024170900310576,-0.0004910881923475,-0.0020284543884886,-0.0004859967923442,-0.0019831881151228,0.0007743274488987,-0.0007696100721042,0.0025140037999911,0.0012024348286028,0.0016940820355815,0.0011961778106644,-0.0025276981760628,-0.0012946829219989,0.0037986743511415,-0.0021824332222892,-3.794071393206444e-05,0.0013775851044855,0.003901768881989,-0.0014727849536328,-0.0029637047894438,0.0038440121354172,0.0006788323433149,0.0003793051209616,0.000220871851983,-0.00036272602186,-0.0002002628503796,0.0006054389303909,-0.0004476069984945,-0.0005339885789314,3.84575457285239e-05,-0.0017068307477707
-18.82549765483992,3.4867276353188097,-1.4037169514906325,-0.856499469830888,-0.1989834874470366,-0.3035572696307851,0.2179845741792835,0.8369256344611894,-0.5920664136215416,0.1735030822254671,-1.3245907944492803,0.2893218904786058,-1.5245442986563658,0.070728714632226,0.5882564792465552,0.1630905675196295,-0.846417749104905,-0.5992153831797525,-0.8599736658408562,0.6444708224154763,-0.001134874005477,0.0003471483824307,-0.0025980525060905,-0.0017392503192848,3.120107787832807e-05,-0.0001899080428021,0.0017772269059357,-0.0003268950309039,0.0030914025596653,7.648380731610766e-05,-0.0014889750345412,0.0004816768278065,-0.0002856786808228,-0.0010294453659804,-0.0021059631632286,0.001135862078038,0.00041109954072,-0.0017828950331811,0.0009545200088277,0.0004896298718185,0.0003750336666036,-0.0003162816631628,-0.0002740945016302,-3.5929846533289426e-06,0.0008877674461118,-0.000384537009552,0.0002307136597711,-0.0009614266637321,0.0013240561793751,-0.001062223098463
-20.057346084447744,2.22710469027932,0.4415676522422597,0.2349668726729249,-0.0863752408556043,0.2339312244171009,0.0870733992931539,0.2285073865483851,0.7679167634850944,0.7550487256675034,0.6375745801046034,-1.0641730843021566,-0.6588372333015635,0.0425277807637587,-1.7234858154208454,-0.4714528313793808,-1.3726424868091476,-0.2078408559821248,-0.3572942486195113,0.1649911610703943,-0.0027439273081943,-0.0013266133855542,-0.0005852860639207,0.0002960502015911,0.001456855851262,-0.0004534776931035,0.0017208183310961,0.0010968943118145,-0.0025831124310766,0.0003166976954105,0.002595465757992,0.0016104744413072,-0.0015894165550602,-0.0007822839072171,-0.0010560782098209,-0.0009708414600164,-0.0007909923556948,0.0004649852529414,-0.0002198967015419,0.0017864626529888,-0.0008160920402369,-0.0006796933853818,0.0008807596969861,-0.0007252555506246,-0.0005450375148654,0.0009375866874068,-0.0021110088344925,0.0018074143692581,0.002522018825731,0.0011642981652007
-4.770323719918789,-0.6958626260664397,1.229097758358075,-1.4842735984660775,2.7870299918027808,-1.2046336480520898,-0.4022126100266357,-3.7850127349496696,-0.6456884397937961,-0.0203633341542482,2.4196278839707253,-0.8607195582353279,1.9705518698465008,0.8450301097605918,-1.1668994342559051,-0.1610536688957115,-0.981450616757476,-1.144780884767082,1.4258881490714386,0.1733860344784502,-0.0003808209957446,-0.001084172498492,-0.0011121651977923,0.0030194956011029,0.0002854499067776,9.235064406741734e-05,-0.0003649453274013,0.0005201964113316,0.0009762822027774,-4.353885988945731e-05,4.1186667525756426e-05,-0.0005267870685351,0.0005034176879632,0.0015991908180406,0.0004367992210732,-0.0008739310545616,-0.0003685782203314,-0.0001035412669365,6.258528725105236e-05,-0.0014381125726933,-0.0004124223588885,0.0015567753566977,0.0004221974282394,0.0001359241920414,0.0001296731925122,0.0002031245916029,-0.0005442947591867,0.0005327494478661,0.0001152990095294,0.0012649137218624
-13.541753363977984,1.425260818432254,2.396786039928451,2.3403883335355924,1.0680741540602978,2.076710238695635,-0.4562147587670112,1.8869151391764705,0.1654897394907335,-1.489291663522296,0.4335403665946645,0.2781230051113406,-0.244056232486342,0.4735835138240978,0.5697181664372737,0.8568873135091141,0.2231396643305309,0.7267711418812612,0.8077733737147245,0.2051307596571913,0.0026038040527226,0.0009721514942263,0.0013890825833518,0.000239701816627,0.0003747601206755,-0.0004745871471821,-0.0005071629669557,0.0002176417909723,-2.1508605385978304e-05,0.0015811695954413,0.0001794463650096,-0.000247693566949,-0.0002382417148372,-0.0004577624195191,0.0014212149935693,-0.0011108164412999,-0.0003182120871644,0.0007852007038618,-0.0015220623113592,0.0008698401721156,-0.000112552135888,-1.930303141313124e-05,-5.838676197992021e-05,-0.0002031531952492,0.0001971421493195,-0.0007135380810793,-0.0019833876189402,-0.0007944643452148,0.0008458711139106,0.0011091761416277
16.598332701110476,0.8435848423162567,4.01758592371486,-0.2941780005572939,3.3593275026445424,-3.320642046783867,3.12668984532478,-1.5413140924091344,7.991699575010655,-1.672499862347134,0.6438113957963552,-0.4394264286046093,1.1241421987825149,0.3458387842701096,0.9349098853283226,-0.4548505139323053,-4.796140364511359,1.96353449181518,0.4613681454832894,-1.946334287163348,0.0035875383709395,0.0009078613760929,-0.0007774761617334,0.0003674861711095,0.0001931540190361,0.0008596026239812,0.0005254245023792,-0.0003890405552852,0.0007747973157895,-0.0011291293528139,-0.0004300028919699,0.0008749728679408,-0.0002140690052274,0.0001359908836005,0.000948511468153,-0.0002922124843838,0.0002924591394205,0.0001558334832169,-0.0001405310057383,0.0012740266206991,-0.0003290406637577,0.0004776981185181,-0.0004382393274643,-0.000451206967984,-0.0010608532187814,-0.0002332034908638,1.313028548969967e-05,0.0007227754259071,-3.0049314985867125e-06,0.0007984493891057
-16.6992693041035,2.7814855368777613,-1.4621020148101909,-0.3532793125926865,0.0313463818071955,0.8752884589142822,-0.996917283954676,0.5412085503062435,0.8380909109365888,-0.1591711294437522,-0.09939835498188,0.3188130768054774,0.3418091318288567,-0.0438273842641918,-0.8893798762057049,-1.6563029105533018,-0.4306333719672687,-0.0805880523979903,-0.5481780310205219,0.2458386571931336,-0.0014644192944317,-0.0012241587236198,-0.00021864511963,-0.000743703726849,-0.0025161732827563,-0.0011199190907019,-0.0021484904111483,-0.0008829958306324,0.0004453863029978,-0.0011998818408685,0.0003958316660234,0.000131874880231,-0.0012288532868243,-0.001234821514795,-0.0004557446815457,-0.0008590890983487,0.0010665985440228,-0.0020376035961952,0.0003871120332784,-0.0015337366052412,-0.0014484205905003,0.0004327990645952,-4.281851223193514e-05,0.0019032805468542,-0.0003688136590229,0.0006111955005648,0.0011130416241279,-0.0006375976141856,-0.0013329245367647,-0.0001682591935434
-2.852071072145144,2.494081023828925,-3.3987382898513165,6.043425539153168,1.1591586673864414,3.479171319393892,-6.97272596755925,0.3534734887498565,2.9583703767446607,-0.7881068812174544,-1.264635370092937,1.003387774561498,-1.4058639981057144,3.168569098180721,4.447490128747482,4.892650267293744,2.209592224706153,-1.8048050397719428,0.0492116163891432,2.7194470350824558,0.0033266512487743,0.0020854892694569,-0.0011160943893588,0.0005888385172423,0.0002951150531798,0.0011961168595401,0.0014787069320287,0.0004619191925334,-0.0005187344298187,-0.002645184940719,-4.9832457820795485e-06,-0.000659895514804,-0.0001843462824344,0.0001523766734884,0.0001293662392558,-0.0004128972008857,0.0001232346467225,-0.0013242267462677,0.0014948040154302,-0.0004965930596728,-0.001540214368974,0.0002391073101394,-0.0002674890473624,-0.0024393806571671,-0.0003120873604446,0.000252100292764,-0.0003545733401828,0.0004626469136635,-0.0009492981764223,0.0007442284159116
-19.98256404406177,1.1389293007158696,-1.237416919557259,2.1630788059654846,0.7594632240785126,0.0097593329036816,1.0800118338715174,-1.158435899081221,-0.2293015752699542,0.1479179380082983,-0.3107952819280737,0.4743547714935973,0.8002473095256218,-0.5442515409822261,0.5726318962141291,-0.0408885628141514,0.4430981432302476,0.3586877759949681,-0.7087536078325163,-1.337829199218573,-0.0011586095926738,-0.0035926881671825,-0.0018164612640815,-0.001888867695417,0.0014920945455272,-0.0010667150590548,0.0006850651871208,-0.0010735646027069,0.0020897714130645,-0.0004090174492011,-6.063082816688056e-06,-0.0022139303957683,-0.0017378984118879,0.0007455847944693,0.0014625375708735,0.0003013636648817,-0.0008793665476022,-0.0004891169146376,-0.001361321493406,0.0015387707845043,0.0011248360621822,0.0012065112709666,0.000554255688015,0.0007930136721058,-0.0015731047451018,-0.000707722922966,-0.0007300981968098,0.000455754764287,0.0006366227158481,0.000654393359663
-3.383319073168013,-0.4559722447876524,-2.308321596505989,3.5091671090916035,0.8841061191261428,-3.52476411723991,2.598867057421805,-4.197405813501739,6.973056376744328,-7.265534866943587,1.342619685484412,-2.6936860352071013,-2.8466697260366267,1.5341379829305493,-0.8606692841803952,-2.911945688827671,-2.0139729874601024,1.1267691609943415,-0.7122565040103093,-1.2828112336422544,0.0030652616591218,-9.162819872877802e-05,-0.0008018024842756,0.0003024639436338,-6.627735194723418e-05,0.0003384800655004,0.0012157310204187,-0.0007703703631778,-0.0009484459198569,0.0003160754251874,-0.0011739003677867,-0.0008038111396258,0.0003614893904064,0.0009354351632468,4.697931115064198e-05,-0.002130637938984,0.0005034715413346,-0.0004220403782684,0.0014195822782022,7.702146579947747e-05,0.0006998619843254,0.0018719369502489,0.0006992063425438,0.001669059676542,-0.0008044684031732,-0.0014147152376948,0.0009199742781997,0.0001228562236014,0.0019547224248151,-0.000391369294535
-1.3628771225598169,0.0333792344760762,-2.996993294695001,3.5832706150324607,1.4737763710210054,-4.858965766038398,2.6588929112750432,-4.039566013794173,8.381980491001045,-8.530522001248999,0.3003502979293449,-1.1339886998698012,-2.7730829953730614,1.40759418737944,-1.706790828065547,-2.9225866977799684,-2.3578933220292675,1.4380658731111111,-1.7308425843243525,-0.9235861799807636,0.0025637383219564,-0.0003300353663475,0.0005524790462969,0.0004982473392618,-0.0016244145820025,0.0005059556900831,-0.0002929948281817,0.0007058197623228,-0.001365617782222,0.0008350505418111,-0.0005551351616738,0.0011494118486254,0.0001223613790778,0.0024087327508506,0.000474005474171,0.0002960180333958,-0.0002175298549054,-0.0012762657223463,-0.0011122395170897,0.0001906717575185,0.0002400819079623,0.0010947145239702,-0.000364872306145,0.000382804941852,-0.0003689357536618,-0.0012071635104682,-0.0001493923453907,0.0001460376025003,0.0009740440173281,0.0007648179699982
-9.22052002070448,4.89078034944285,3.259423655372682,-0.8612700225905436,0.6142382185267127,-2.228756335499199,1.4770376893579285,-1.9131707380299297,2.216964768300232,-0.2763215491234437,-4.924967268504069,-0.7768937702332049,1.455723920863358,-2.109815749694301,-0.8156400161095685,-1.239786836325104,0.6390527082972343,-0.752584129916191,-1.7289624880465353,0.4384259015090252,0.0010679882687084,-0.0009445110805626,-0.0007787146581846,-0.0003301209685964,0.0005792789092849,-0.0004094845956319,0.0009665253462593,-0.0002372206637574,0.000338638046816,-0.0004185795934463,-0.0001287221645248,-0.0005540498870103,-0.0009152752098039,-0.0001380142919561,-0.0001225748402354,-0.0006864578970563,0.0014755414398146,-0.000636306208457,-0.0005608819533316,0.0002424191367656,0.0004372756952756,-0.0017519689412609,-0.0007743651687038,0.0003338722724267,0.0002157638445119,-0.0004319494014199,0.0002643482894264,-0.0003867353654932,-0.0006018463174541,0.0001277913917891
-5.794061999075916,-1.05788405805253,-2.3116877663337108,2.2481724561447485,3.260553500693614,-3.2098540150559853,2.904887761890612,-1.6544659678823677,5.97175893094779,-4.474080177245873,0.7654698968492666,-1.8686748197703804,-0.2806539980823621,0.4458109288832131,-0.7562761714895083,-2.2513313349017587,-2.2831409614244307,0.4071515596701342,-1.6541803364758536,-0.6800743744649338,0.0003279433482278,6.669970583142443e-05,-0.0012739627021252,-0.0009176586534849,-0.000374903322561,-0.0005667214073445,-0.0006653544039918,0.0005619425798966,-0.001553402115532,0.000693117141511,-0.000719260679432,0.0001450083102032,0.000651086956882,-0.0006068079678439,0.0003961209632835,-0.0028438037722354,-0.0004726603883691,0.0005501258148861,-0.0004092028637015,0.000283398826115,0.0007078563927824,-0.0014884548374563,0.0001996462505723,0.0011351352022234,-0.0005618538275213,-0.0012615090345684,-0.000483826562418,-0.0017619353900044,0.0011207996570186,-0.0009645639293148
9.627452247590057,0.1496187130168431,-0.1131829449206508,-3.229608775739508,2.446711576388169,-0.7589296829214581,-2.162625183352737,-1.4322680228323226,-0.104308892948753,3.855485443853674,-0.4405569794077197,1.7551894575028402,-2.0951528171535334,0.6793569586685875,0.6367611397652996,2.1835224316983672,1.4795462888573434,0.0546516415892686,-2.0710465010848385,-1.0266945751511614,-0.0018670331636659,-0.0015220676210296,0.0015462912114485,0.0002553171366684,0.001232060732576,-0.0004223096516767,-0.0002074429122701,-0.0005154079080229,0.000394380716227,-0.0002273724488089,-0.0007263284971603,-0.0002886468474612,0.0001906542941476,0.0012188463372727,-0.0001029336820116,0.0006508096455692,0.000225387537968,-9.01204595865817e-05,-0.000686304264327,-2.2617340886120947e-05,0.0004136701306562,0.0005341054246517,0.0004047196458807,-0.0005625557106743,0.0004618095999628,-0.0006477194779568,0.000210562279027,-0.0003047439446963,-0.0005661805815341,-0.0005656612310056
-6.638238403010819,-1.1581346844767724,-1.8864495373322985,-0.2043939479272291,0.3403569546362284,2.033307441245171,-0.099606523452858,0.4936128027422929,-1.4872148732587749,-0.9580092293008824,1.7728978310765562,-1.8577024326893905,2.723848757670528,-2.9790187126487067,1.8822273159789973,-0.1591689835961639,0.2801930189563711,0.384883991615921,-0.2138171920336428,-0.0918713479754678,-0.0004286901078461,-6.632080412883897e-05,0.00013803194063,-7.673498954040377e-05,-0.000198817321681,-0.0005717632751105,-0.0005047176343004,0.0010359072835921,0.0003569494310486,0.0005870415661569,0.0020213105946725,-0.0017376181479843,0.0009881724553159,0.0005828039325033,-0.0008156653169387,0.0007769107968448,0.0005758274349524,-0.0001732390975552,-0.0001718078398674,0.0005867072569546,-0.0003717620646673,0.0004503355867159,0.0002941542403171,0.0004823730154588,-0.0008563629972904,-0.000544004116194,0.0002306997119273,0.0019140648137519,-0.0010953683860575,0.0002490260815085
14.782106031969104,-9.83209098902868,-2.046059606441452,-3.273792319207932,1.5025744883308014,1.2209979283388794,1.675687352723453,-5.556768650189389,1.679808122747391,-1.2944986295610903,4.34416509341526,-3.4183846959200954,0.8650377785875039,0.1015758209486559,-0.3901666911541382,-0.0966438801672946,-0.8534442321479102,1.0853289605304084,1.5493605008847595,0.0431573904140581,0.0025358966541614,0.000192515473657,-0.0001182467653084,0.0005805666173415,-0.0003113023381703,4.110517096308692e-05,-0.0008420803410039,-0.001359652938085,0.0004536673484477,0.0010206094246173,-0.0015028642243352,-0.0006806734005557,0.0011272442959859,0.0001122259348263,0.0006478963802521,0.0002216122445778,-8.519606478566727e-06,0.0003581578909244,-7.339909733547182e-05,-0.0002711539005756,-0.0003094326056155,0.0001686761698847,-0.0011199382638915,0.0012044927252743,0.0001714630007184,-0.0002265644066471,-0.000956606951357,-4.938166435001027e-06,0.0004134467824246,0.0001241465840721
32.795441119382794,-7.271151960301007,-1.2027482876958626,-6.443075147362952,6.50896616170842,4.709307489095535,1.4679987471984308,-3.4106017407969635,-5.460319762102708,-0.6858390182929365,4.4158686458095255,-2.6034796222988423,-0.6214399046204656,-2.8895125518558515,1.3513702208591432,-0.3519463634638209,0.0972784690147379,-1.4196260237116465,0.5406595276234089,2.3810013246443806,0.0004671002270987,0.0004839090895903,0.0010550699624219,0.0001136279394518,0.0001316825309741,-0.0008887113584183,0.0011804295860966,6.455340367248536e-05,-0.0008601582639019,0.0002645583296592,-0.0002483262899075,-0.0002958405726373,-0.0001099800644431,-0.0003582858806808,-0.0004007516420792,-0.0004169564623397,-0.0012014242342933,-0.0002585377110942,0.0004156503831993,0.0011107547538622,-0.0004950286776391,0.0002390050128217,-0.0005281022294344,0.0004175054786406,-0.0006388836243397,0.0003283304751507,0.0004614275276388,-0.0003212373386681,-0.0002219422459718,-0.0008287455106651
-5.565336368286475,0.7818428595157478,2.738934853214341,0.6873655729896402,-3.584387662459529,-1.2687437433330755,-1.6821668417119464,0.3434355974591562,1.8022256303647783,-2.2840647999613237,-0.0700404305514832,2.011117512925992,0.5685397655396202,2.1655569261916825,-0.5942608065569158,-1.91103372047342,0.2220056526937574,0.1327702956155382,-1.95665836709007,-0.3046175943596564,0.0012594266375167,-0.0019095484760445,-2.5405522980491305e-05,-0.0004761305275227,0.0011958195249,0.0006083238612082,-0.0009729261882178,-0.0005266807237993,0.0008697478592019,-0.0014407669712857,-0.0009575416787617,0.000510778207051,0.000130408046072,0.0004548929037896,-0.000279275340234,0.0007523644420842,0.0001086439258018,-0.0017305207976069,-0.0004437386035261,0.000294531908245,-0.0007897330340613,-0.0006560089063363,-0.001048455878712,-0.000918928151008,-0.0003687045211543,-0.0001736706564158,-0.0003706694718439,1.943171234178414e-05,-0.0007866162029876,-0.0013937584932355
10.572635346495876,6.664358372536205,3.328158944019613,2.7386421827107865,8.245449130322218,-1.6455281404780615,-7.145481520878189,8.575609444725162,5.888024475745999,-4.257660506041416,-10.162570239163689,3.503955387483035,-1.1832355225840845,7.998650225997355,1.4759602175344655,-2.0349818210836568,-1.3825906529619238,2.5440989187396026,0.8790306760451579,1.1667670016564369,9.887645465190094e-07,-0.0031277068642797,-0.0006000720805226,2.502654708760272e-05,-0.0017265363231312,-0.0004688659574211,-0.0018473062472294,2.650637582989765e-06,0.0006190309478794,0.0005107564953799,-0.0002150315988359,0.0004312087948043,-0.0004485358947684,-0.0006641867949748,0.0004334375981144,0.0008986087358329,0.0004963790469418,0.0003969182495768,-0.0012063232419111,-0.0004804919361151,-0.0008651199314124,0.0008006939204233,-0.0003041472378416,0.0005290090364695,0.0002703654782443,0.0016045087989614,-0.0002951822833531,0.0002507500517545,-0.0004029430057871,-0.0012800506480249
-20.62370224023145,3.805927409047369,-1.9331678615616252,0.6192388271789613,-0.6505559947585056,0.009210318489405,0.2418907188250114,-2.045464425927529,-1.0215817115718724,0.0058892115449326,-0.6022055698476746,-0.0826385115757061,-0.299523400213069,0.9294916571793406,-1.115556525394976,0.1407853778323481,0.307596591995908,-0.0477161872486973,-0.4389499529090832,0.6708228062773293,0.0006458420862156,-0.002274472400923,0.0023807912865419,-0.0013355251374504,-0.000150315337821,0.0002864704095942,-0.0008089187250379,-0.0004350281996395,-3.613652971071627e-06,0.0001365329972737,-0.0024945083905279,-3.4699440627065265e-05,0.0020279094905279,0.0005016760299642,-4.4947617691759e-05,-0.0040358494519296,-0.0008468121464487,0.0013471209334016,-0.0012310482981879,-0.0024873874260808,-0.0008618833660277,-0.0025444854172643,-0.0005201380166919,-0.0018676087419412,0.0008763517639178,0.0003629595864662,0.0001949295672642,-0.0012468882673774,0.0008465068014508,-0.0004736104826537
-24.899330472693897,3.4100092932277017,0.1787841494176782,2.3078805091097925,-0.2372977410033643,0.07011264279426,1.2526672353696673,0.1762673154415469,0.3660039387654799,0.2619827496680848,-0.7825987135977563,0.7412981554207565,1.886151270245055,-1.3973820154096932,-1.3060558933932394,0.113631331039769,-0.1839674848663325,-0.5917137435198914,0.3529004669093639,0.7796111708720195,0.0047387296112642,0.0018334479103757,-0.0024116549898101,0.002693620321235,-0.000377861602231,-0.0031597885879967,0.0022292085977325,-0.00052308434249,0.0014583316682418,0.0002286658963992,-5.294862788952376e-05,0.0012244919749366,-0.0008321622580649,0.0032864779405397,0.0014428778888779,-0.0012853301141502,0.0009267943866475,-0.000490305644248,-0.0044899833072796,-0.0014692550657555,-0.0011238870031088,-0.0006694287327223,0.0006835058638852,0.0001426824454984,-0.000954745809703,-0.0001564724154992,-0.0021057689810125,-0.0017000716590321,0.0032482809539212,0.0005551871355155
1.485867521960958,0.7427545094211349,3.41974037688602,7.111072498590479,-2.2223511995586733,-5.932973097801341,-2.164081415756996,-1.4901340384571609,0.604986314950583,0.2683742022392177,0.8616750305170614,2.5123848974296763,-2.4045992799671,-1.8559550646122367,-0.5016425390412907,1.2172319544472416,-0.0579252160352887,1.1027617075484155,1.1289842086144457,0.2048276979623948,0.0006671728478742,0.0001321427884643,-0.0014717011107505,-0.0013915721612682,-0.0013195599950844,0.0005420342169261,-0.0012705705039475,0.0005222513344794,-8.398873121883798e-05,-0.0016907138402221,-0.0001349813990364,-0.0003965167425958,-0.0013992426417054,-0.0014593007967582,-0.0006261458883657,0.0007665971591139,0.0003674010502249,0.0010437225317629,0.0012731486411752,4.5410465869279e-05,0.0011613964288131,0.0006732234034006,0.0001438186060059,0.000603104457845,0.0005052375911939,0.0005616359987036,-0.0006252943043378,0.0004772204532085,0.0005998204937175,-0.0006582946936616
-26.453488115319704,4.045194043947298,0.0028135876598485,2.047506728794208,0.1038654148496459,-0.6449564242895541,1.4310497575090702,0.2932945518242915,0.5566375645922861,-0.6836956066060679,-1.6117434596951836,-0.340519841823373,-0.0014500572520531,1.2407149641455677,-0.7520847328250262,0.045910375876135,0.1477075382335362,0.1401167978314267,-0.4572825537715235,-0.6910818918521351,-0.0011845861328775,-0.0011178683809282,-0.0018437380094019,-0.0026429709617132,0.0011996085054173,0.0058864640398282,-0.0016895097836326,-0.0010514137845914,-0.0039563186911921,0.0070837218252391,-0.0010448642241587,0.0037298275534989,0.004220590436792,0.0012853745670894,0.0031516291910665,-0.0022083578016065,0.0023078686584633,0.0031966846461147,0.0031363855860579,0.0019589229050624,-0.0009397174279165,-0.0020562211038771,-0.0002571972530997,0.000780859163034,-0.0013722685958173,0.0012240071116198,0.000696036955918,0.0001644443750618,-5.538597801385681e-05,-0.000824325797455
-13.187221916543477,0.9004776979864023,-0.0731712121018661,-1.4195119077334737,2.715707480955861,-1.5987407060839522,-0.703279264722082,0.7792050833122767,-2.1940218447838804,-0.8460536828326429,-0.8810433470159277,-0.921743508452504,-0.0280751560253223,-0.3225922710919158,0.4787861367047245,-0.2709074009059666,-1.523053707276326,-0.8739829992287932,-1.6279849267398354,1.3301998188363369,-0.0030903003606692,-0.0032214187397571,0.0003788239538274,-0.0001486324612071,0.0015860417682975,0.0012216917990451,0.000712652666499,0.0014747265568377,0.0013971197928416,0.0004326354681096,0.0010603045293162,0.0016902462605982,0.0018246561903669,-0.0010859148367864,-2.197821332581452e-05,-0.0010220688450217,8.620447924574494e-05,0.0022172063748962,0.0009799870370199,0.0021504799041023,0.0001752087935424,-0.0010824171880793,-0.0002051571720013,-0.0006512846493703,-0.0002621983777692,0.0015110164513463,-0.0004542604285115,0.0003794483143718,-0.0003842159829683,-0.0008269280130685
-24.765957798206863,2.613311069589809,1.2069733635187163,0.9767122633579198,-0.7179600035548434,0.2995278095026457,0.8928331660049196,1.4200224374333927,0.6229989833264378,-2.20025098938826,-0.0225131308326337,0.8723555795299235,-0.6229009484720384,0.4985444673409311,-0.1238808759643721,0.8583798120409718,-0.6368010582186533,-0.1337789549760962,-0.19043129400418,-0.1659456449926404,-0.0035479094394208,-0.0026436875840106,0.0037599606195451,0.0059508819003639,-0.0035343500471264,-0.0040974610200011,1.7647103616712845e-05,0.0007490959031262,-0.0021364652608708,-0.0005162197781306,0.0008469609627584,-8.298526015175517e-05,0.0007216456594558,-0.0005081657538376,-0.0006771786320496,-0.000282319935727,-8.674566692604573e-05,0.0001793818572391,0.0011615794496737,0.0005713311459581,8.01840491253615e-05,-0.000232807262216,-0.0004922702512294,0.0004417431872104,0.0001631270911155,-0.0004943281344437,-3.884540878775513e-05,0.0001779278727623,-0.0001762839494784,-0.0001964159573532
-20.36621447627312,2.526963796378924,-1.5905154238504011,0.8784644372203433,-1.7161594773307678,-0.4765016210762437,2.2167061175442124,1.5266534550746085,0.6542077346261804,-1.824141873913385,0.3597745280563741,1.2878396591100187,1.4443749176763534,-1.569071444305607,-0.0665034003745932,0.1895720795170662,0.2200516828579459,0.2933717661182919,-0.2133582290276586,-0.8678295570634713,-0.0020538041200993,-0.001107894451272,-0.0013361197129154,-0.0004745955673164,-0.0013897325642855,0.000138993688993,-2.7700846835626676e-05,-0.0015352786343444,-0.0022029221784111,-0.0003558436899219,-0.001158142831076,0.0026797513199929,-0.0029446086197828,-0.0007720242231808,0.0004997543684157,-0.0030920146826801,0.0018018884605395,-0.0010638868496823,0.0006311387230867,-0.0018797415111106,0.0001476289535307,0.0007846560268199,-0.001150994598268,-0.0002251800295491,-0.0006765558668957,-0.0001374674323518,0.0003270086531858,-0.0002982328379118,-0.0006172979553236,0.0002196609208471
-20.36621447627312,2.526963796378924,-1.5905154238504011,0.8784644372203433,-1.7161594773307678,-0.4765016210762437,2.2167061175442124,1.5266534550746085,0.6542077346261804,-1.824141873913385,0.3597745280563741,1.2878396591100187,1.4443749176763534,-1.569071444305607,-0.0665034003745932,0.1895720795170662,0.2200516828579459,0.2933717661182919,-0.2133582290276586,-0.8678295570634713,-0.0020538041200993,-0.001107894451272,-0.0013361197129154,-0.0004745955673164,-0.0013897325642855,0.000138993688993,-2.7700846835626676e-05,-0.0015352786343444,-0.0022029221784111,-0.0003558436899219,-0.001158142831076,0.0026797513199929,-0.0029446086197828,-0.0007720242231808,0.0004997543684157,-0.0030920146826801,0.0018018884605395,-0.0010638868496823,0.0006311387230867,-0.0018797415111106,0.0001476289535307,0.0007846560268199,-0.001150994598268,-0.0002251800295491,-0.0006765558668957,-0.0001374674323518,0.0003270086531858,-0.0002982328379118,-0.0006172979553236,0.0002196609208471
-18.38908220267208,1.5682505172471628,0.0098161950949164,0.7214952542601765,-0.471772037016043,0.024149950534339,1.02929854052033,-0.6216489443702403,-0.058919030242782,-2.038429092675321,1.1943483527357863,0.1408583950654288,0.7038990649470414,0.6198912605968318,-0.7781819800129001,0.8338979606002367,-0.525497417923368,-0.6340316539637594,0.7031741341246037,-0.4855072646993444,-0.0032367626456873,-0.0011762453992249,-0.0004822254072869,-0.0053318673335968,-0.0034960567508615,-0.0022770628682421,0.0005411169130099,3.2857870150256625e-05,0.00089709175892,-0.0005125278922419,0.0008216807960829,0.0008661676991459,0.0006022722961587,-5.030225330614004e-07,0.0001755302044248,0.0009192254122489,-0.0007435475858033,1.0400750727998066e-05,-0.0006766119561357,0.0002139491199388,3.545745107632924e-05,-0.0002764627245047,0.000358046963567,2.825972194651693e-05,0.0006884691943266,-0.0004886364380797,-0.000698826452364,0.0004960620436507,0.0001119487695515,-0.0005161794857262
-24.76595779820685,2.613311069589814,1.206973363518719,0.9767122633579324,-0.717960003554849,0.2995278095026354,0.8928331660049159,1.4200224374333876,0.6229989833264429,-2.200250989388267,-0.0225131308326377,0.8723555795299305,-0.6229009484720417,0.4985444673409295,-0.1238808759643776,0.8583798120409735,-0.636801058218658,-0.133778954976096,-0.1904312940041834,-0.1659456449926406,-0.0035479094394208,-0.0026436875840106,0.0037599606195451,0.0059508819003639,-0.0035343500471264,-0.0040974610200011,1.7647103616716236e-05,0.0007490959031262,-0.0021364652608708,-0.0005162197781306,0.0008469609627584,-8.298526015175252e-05,0.0007216456594558,-0.0005081657538376,-0.0006771786320496,-0.000282319935727,-8.674566692604743e-05,0.0001793818572391,0.0011615794496737,0.0005713311459581,8.01840491253616e-05,-0.000232807262216,-0.0004922702512294,0.0004417431872104,0.0001631270911155,-0.0004943281344437,-3.884540878775664e-05,0.0001779278727623,-0.0001762839494784,-0.0001964159573532
-24.818880657905652,2.757586748715485,1.140729481818625,0.9985309690710628,-0.456104507837665,0.2604100238393564,0.7952411183151542,1.5609270114283462,0.2488223388901379,-1.9188635692391915,-0.0156409509717109,0.5600110056977198,-0.1333378915079792,0.5117824020883227,0.1287805277410021,0.6200841961621175,-0.4953809775340833,-0.0643205634876912,-0.0371412108412762,-0.2154028542541655,-0.0037432560323688,-0.0025611947418976,0.0041816474317624,0.0056444633653883,-0.0035950350886887,-0.0038742603754661,6.482417603091038e-05,0.0009741223246286,-0.0020386878334087,-0.0002068951735864,0.0017144104067039,-0.0002737252464419,0.0002794004705436,-0.0002744554597333,-0.0006613962096592,5.456140873078215e-05,0.0002488441516829,-0.0004606592058799,0.0013815490544248,0.0006550899844858,0.0002759448603783,0.0003827210361902,-0.0009937661544686,0.0001878676735971,0.0001180321664454,-0.0005856062228959,-3.2445811721821e-05,-7.322558937720525e-05,-0.0003620542132815,0.0001561670652712
-18.95389686878471,1.7483803169391643,0.2426158960184725,0.2359716753346179,-0.4156676496820339,-0.1619190552681612,0.8813667476756993,-0.4008966363054504,-0.3130855717833875,-1.730154052079797,0.997592422532517,-0.3737528335731489,1.0649772613652178,0.4477845678455361,-0.9555971460884136,0.7782386425315085,-0.8024377716378559,-0.6473331285741791,0.8369042369680598,-0.4211891338878095,-0.0038067751953689,-0.0008765299414865,-7.475799279964348e-05,-0.0047775817031334,-0.0039693435869573,-0.0028774121928608,-0.0023366001776913,0.0010418578861693,0.0011256931389983,-0.0009314244804264,-0.0001215453546301,0.0018120725583764,-0.0003196885278725,-0.001060196812898,-0.0002461796982901,-0.0003667464825853,-0.0007078233778358,0.0003631619233698,0.0005673717696217,-1.4735279596636698e-05,0.0002420080023051,-0.0002395883583392,0.0007459476693077,-0.000405102213604,0.0007909010996404,0.0004566636941041,8.876305886741178e-05,0.0010298301005889,0.0011996726116344,-0.0006062164401645
-25.020876797770697,2.69953848522326,1.1219578603024931,0.9023508326085248,-0.97795736919574,0.2505292541311436,0.5712090004499308,1.2064314317287297,0.2983514811999576,-2.464290713865504,0.015472100764714,0.5633981409053768,-0.4065295094579424,0.2089136909060943,0.1070194510830145,0.8847231995917749,-0.6681077409206136,-0.0591490096571321,0.0946696251751453,-0.2504014035567158,-0.0041634074974528,-0.0029724394273363,0.0029528985746552,0.0070335580625314,-0.0032597872429449,-0.0045609107119642,0.0003278038245016,0.0009834963267633,-0.0011259909372569,-0.0008874939840313,0.0007912893147279,0.0003201657198985,0.0015913515570362,-0.0013402403716057,-0.00095797006346,-0.000144000863976,-0.0010527418066879,0.0005836292029667,0.0013417596651515,0.0006958053864072,0.0010950556356069,-0.0012721394269594,0.0001471867731302,0.0001383741347741,0.0002485376863338,-0.0007933947115189,0.0007285529862619,9.36762278588866e-05,-0.0005266753778854,-0.0006153181893713
-24.71548876826572,2.6562230828468136,1.14690296268639,1.0303286908238147,-0.7720160224564794,0.3578561947041109,0.6523641253481625,1.4065609243970496,0.579036437054623,-2.40170958303374,-0.1772141954506658,0.9234611237782054,-0.6282375962048463,0.5171041146059725,0.1210313162651168,0.8166161946385251,-0.463251196093093,-0.1102581613961963,-0.2135554965129562,-0.1471137479339427,-0.0031831970882633,-0.0026394960437139,0.0040991582218826,0.0061451667067569,-0.0032196758247262,-0.0040504544317891,0.0006298569804463,0.0006323119109327,-0.0021742075448429,-0.0001257021778936,0.0010186777146116,1.2494536288878791e-05,0.0010483911424986,-0.0003367082394417,-0.0005870762912042,-4.476206653626014e-05,-8.081421181765096e-06,-0.0001324566998205,0.0014244393663677,0.0002371211071366,0.0002013432858707,-0.0003357605743312,-0.0001743376246147,0.0005256425501508,-0.0001214467697472,-0.0002862404577614,-0.0003123231612645,0.000282181579134,-0.0001915586989276,-0.0002944409104354
-24.796343270125924,2.831053394060812,1.2231363058167986,0.9849866823606204,-0.7311928532010622,0.5723678784509199,0.9564526432626468,1.2356413811894558,0.4014236072364517,-2.0380016319621976,0.0913034097009583,0.6406140498865981,-0.7189508540690297,0.3379417110395467,0.0205201835806828,0.7137102551780358,-0.6322914881838473,6.0436577722420666e-05,0.0314687724116187,-0.3612583084843818,-0.0033468205828895,-0.0030743316636907,0.0033957731584786,0.0066486382716055,-0.0037349981305768,-0.0036617506217527,0.0003983482035921,0.0014463874816208,-0.0018892958134077,-0.0006674112054666,0.0008874710858796,0.0003787707370699,0.0011735204848072,-0.0007016919893439,-0.0008912743693399,-0.0003667012602971,-0.0009880338988658,0.0004148614911344,0.0010349163686118,0.0008595552634651,0.0003941756569192,-0.0008966801248019,0.0001000149760026,0.0003309239490153,0.0001561371258632,-0.0007734691360822,0.00021780704305,0.0004612390311087,-0.0005662680915742,-0.0006264569970115
-7.808860704400325,2.069371905053759,5.42147822925187,-2.934835943517992,0.7052357267964539,-2.066437588017998,0.1670871216357675,2.8795107540210494,0.4437010552795113,-1.533939927046875,-1.030586037094702,-1.4775757935137326,2.293727955168926,2.878658003525686,-5.242249571923953,-1.1128974330352708,-3.1052097258855293,1.4157572258324842,1.3328501777047217,0.4516169851507232,-0.0019287843253172,-0.0028721118173595,0.0029357838688263,0.0029960976597934,0.0004314376507066,0.0043056628202615,0.0036791768048388,0.0032993308221963,0.0004060124840091,0.0005158169796148,-0.0030551447564725,-0.0039848594802991,-0.0009256959136451,-0.0018062388813114,-1.9577616935548196e-07,0.0025758992602282,0.0002944663168189,-0.0023537829699097,0.0005746462755894,0.002631663165456,-0.0019743447245689,-0.0016986830861885,0.0023815382000568,0.0013422395475453,0.0010364868099507,-5.316113822277393e-05,0.0021959367343066,0.0034310548414818,-0.0008820533619235,-0.0016351133190009
-21.99840418080911,0.666859933495275,0.0237827272292649,1.4806984786016846,-1.3229417464181543,0.9534680992300296,0.6767953967418834,0.352273291184068,0.5949012808970834,-1.5310096392725752,-0.3475789134414516,1.4203721194600611,-0.278203884178705,0.4283224540328477,0.4852239752880322,-0.2237699787881826,0.1951744356006778,0.0487594530371821,0.4638487567760049,-1.841540929410785,-0.0024302145159198,-0.0026299584850201,0.0013462018167741,-0.0007401819433604,0.0038531196705232,-0.0001123532357032,0.0002525713653103,-0.0023989170075186,-0.0028743688330593,0.0031022055460474,-0.0015174977522695,-0.0013006854785591,0.0008753651104784,0.0005612475326069,0.0019051709929123,0.0005207837246299,-0.0013546760451216,-0.0003966402825756,0.0008468870276586,0.0040340114958448,-0.0002679579390239,0.0001721694065162,-0.0007643855300237,0.0001906742426849,0.0001238511243626,-0.0008669270575631,0.0007100762772197,-0.0003785285129873,-0.0004098503512684,0.0008218842724677
-21.42244309454555,5.727197331301786,-1.1064094052426834,0.37622966323596,-4.578435822382534,0.91993971535025,3.6619723983230177,3.427774606706477,-2.4283633890195957,1.3432934004418575,-1.1387458731831777,0.3774086051773576,0.0476073557856737,-1.1351498007797287,-0.7659681806557841,-1.5531765513272493,-1.652388500021342,-0.2244835013697703,-0.6411854142702046,-0.3961459339776386,0.0281955169049173,0.0034075724386556,0.0020209299935257,-0.0017609481706776,-0.0014002446702,-0.0003166272395553,0.0001331907236929,0.0003256978740172,-0.0006117687925342,-0.0046839029316704,0.0030495768615408,0.0020955088476854,0.0003287664727201,-0.0014071848362663,-0.0011151071581564,0.0004777536892721,0.0037107007973678,-0.0009860665409239,0.0011201266903304,0.0005245691479261,0.0003140928290397,4.858905722870337e-05,-0.0015955563140871,0.0015826313096856,0.0008798594926303,-0.0011783222525585,0.0016605187371949,-0.0015831421269624,0.0018323234997635,-0.0017786827350316
-23.92586016245957,4.385106116272233,-2.6269560759450616,0.6046545290070844,-4.134343232669991,0.4503393366228634,3.4597820125005034,1.5843058163848258,-1.3292779734532445,2.5807135567295725,-0.8412330383245153,1.325144452866272,-1.580088271487753,-1.5380428578690462,0.4546854576654228,-0.05602925111755,0.0885009407286038,-0.3402290231349505,0.7904122620274276,0.845471112110896,0.0322511537603999,0.0027505006403,-0.0010661812863345,-0.0030241553335304,-0.0041465347433374,-0.0035994987873405,0.001956534305342,0.0029977272826378,-0.005161731879293,0.0016510109543206,-0.0004033837093421,0.0003321729531666,-0.0010906213314374,-0.0001272663931273,0.0015132082899603,0.000645535787581,-0.0003711213084952,0.0002891493134527,0.0019809854993228,0.0024971484574272,-0.0004103158679929,-0.0005105170210452,0.0012135127723357,-0.0015374025233591,-0.0021630294827455,0.0019547133400267,0.0008204878349409,-0.0006125693120308,-0.0007182381840949,0.0034659021789454
-26.93754968656453,2.935515772892015,-1.5956784536404034,2.2735705806672746,-1.7766494432030824,0.0967607220736604,1.8616195060847185,1.2275623575409509,-0.1623584136882846,-0.0613502650147322,0.1726827941920361,1.6427660567618816,0.6971984077661306,0.451879028784397,-0.8595068829301394,-0.5379725425032692,0.2749921021773981,-0.141448253460983,-0.1792653484409998,0.1635598884144669,0.0047124512920857,0.0099347618521119,0.0005718279542321,0.0039354487660241,0.0037105889357928,-0.0029698992728635,-0.0034104879878701,-0.0013447504905574,0.0047054889363041,0.0062607135275302,-0.0039878229373066,0.0014315969060194,0.0001163618821291,0.0016680052978046,-0.0029871999104385,0.0020207253755694,-0.0003040446748813,0.0006447795008306,-0.0004706121749255,-0.0015226713766697,0.0016750381220837,-0.0019857039608177,6.023440623952358e-06,0.0022259346569223,0.0017692680434411,0.0004877589165696,-0.0015975307015612,0.0008650864229379,-0.0013462830488647,0.001277567968672
-17.22668540728997,1.0184698512670205,-1.613719394918645,3.296814497544972,-0.6495151276780617,1.6464155725256326,1.9271731552333369,-0.634217342801977,-1.215765212746835,0.175123637587301,0.4743510833506074,1.406327728265895,-0.3020065334715175,0.4665255544195266,0.1471404990134755,0.2451850821506744,0.4800669661211051,-1.1342775536773346,-0.3903289895179953,-0.5909603744007392,0.0004249933621001,-0.0022765839416386,0.0021505382852613,0.0014964837255522,0.0012153453100461,0.0012118176790371,0.0021966103522195,0.0010237493794001,6.640715976154381e-05,-0.0006017520050948,-0.0006166141581746,-8.848924580312338e-05,-0.0014651242705154,-0.0009122572583735,0.0011603889077424,0.0008611362931947,-0.0024360235248827,-0.0026024310773031,-0.0005928432461874,0.0016886933529579,-0.0004226157789307,-0.0015920635816285,0.0008466912501324,-0.0003463421521719,0.000995422946556,0.0017410472235303,0.001382243352614,9.192190273969884e-07,-0.0004473874131407,0.0011867898681823
22.901355965703345,-9.462349960943005,8.892897252749945,-7.451341840865763,-1.3544535776276432,4.783598266458082,-4.683794191827172,-1.5097924571932375,-2.4325339498102223,-1.6260921424366632,2.523155250499303,-2.875086199624377,1.9754104736781737,1.101547929451602,-2.722559035764523,-1.6871968627328708,0.4222481043510674,0.7682865960108336,2.6922034752688258,0.9167433322101056,0.0013988520717943,0.0006583952315902,5.076735137903813e-05,0.0013243851503692,-0.0002633670859429,-0.0010214955144484,0.0005742110337324,-0.0003508619438415,0.0003134447582665,-0.0001776010355995,-0.0004549863075365,-0.0016085360653587,-0.0001095526654048,-0.0001856993917571,-0.0002908839050409,0.0011089597968497,0.0002155306423514,-0.0008995005789484,0.0003574679015111,0.0003013404828401,-0.0005154226869755,-0.0007399440832666,-0.0005510462190567,0.0001797527235697,-0.0009314017145299,-0.0006422596196659,0.0003111856843022,-0.0001485493674018,0.0004736910757319,-0.0004847323367986
-26.23855103650645,3.55140603811867,-0.0160795774691213,1.779192755826038,0.0491478280117949,0.0601461980712644,1.1398342979365912,0.0764055725143691,-0.2179806296113668,-0.8503255870708735,0.3818421231254443,0.5097046152776369,0.2358552615552834,-0.7157134486950467,-0.4535228050892806,-0.2154599101473307,-0.223462571919473,-0.3197744641984463,0.0219570286283277,-0.585860776386869,-0.0054473802473463,0.0083441013789194,-0.0001429970978425,-0.0014432715866941,0.0025977202092348,-0.0034076344016429,-0.0014169404558002,0.0041423173269679,-0.0021745976986718,-0.0010543828292477,-0.0020399576016349,0.0004199274343783,-0.0006333934061444,0.0002536928518457,0.0007673965978088,0.0009457606412497,-0.0001572551188382,-0.0009742491702797,0.0004812085957727,-0.0008606815012113,0.0020011812970301,-0.0004483429356067,-0.0014956458860943,-0.0003335556244042,-0.0003868047276656,0.0002066264215827,0.0010655963308098,-0.0004935946432145,-0.0011328840740269,-0.0004026668512074
7.934572793772997,8.229331443109633,3.735689285024696,4.293671611009,0.4353672432942293,-6.379246172676224,-0.016420855810766,-5.007995682160179,3.1160829768075597,-0.9116671366927792,-7.138988600908626,3.272252923247166,3.724876013683573,-0.9692850712898252,0.8867599786189728,-1.57531381428504,0.2328156825236273,1.4790436807495204,0.2611958490762284,1.2721625625080475,0.0036601634963126,0.0010284856306289,-0.0003412715387287,-0.0003002352303424,0.000680661629134,0.0007711530543921,0.0012726320311775,0.0017491974992846,-0.0005645242873346,2.5093939722465867e-05,0.000496188477667,-6.376994598230114e-05,-1.5820583999493103e-06,-0.0006712754659112,-0.0005774405784452,0.0003710612465187,-6.934479428945894e-05,0.0004609773984841,0.0006662016341847,0.0017078161022652,-7.886433585929758e-05,-0.0005269290098367,0.0005640385026241,0.0008964805706618,-0.0001113312878981,-0.0001472517644904,-0.0002507681597527,-0.0004813015846396,-0.0002699995425948,8.850976964558881e-05
-26.463123090714188,3.670100695031744,-0.3201084566590146,1.2311764704620738,0.0800581324129386,-0.1256798489106327,0.8357972370723304,0.0998111661016289,-0.4671495364549448,-0.6096669858027762,0.6781860756989243,0.2528646626437167,0.7163147405568304,-0.4190890008678913,0.0656587055430037,-0.3461469668449977,0.2490383968086878,-0.3748424442941886,0.0968479096346179,-0.521507630911634,-0.0064628953021304,0.0077415351225012,-0.0002288903760233,-0.0023399615649677,0.0022482932046678,-0.0049226576953056,-0.0029483612138474,0.0032195260390844,-0.0029839833311243,-0.0016485570275782,-0.0013179917519492,-0.0005872802797013,-0.0008036267295601,-0.0001498573398986,2.944750697899639e-05,0.0001704032265094,0.0003702903147328,-0.0002878826716914,0.0007441075047061,-0.0003334259470096,0.0017217611238212,0.000357370934603,-0.0008937433179721,-0.0005097761793426,-0.0002365759834989,0.0011246409907392,0.0006456961465955,-0.0004451528854935,-0.0011106251341439,-0.0005138871828608
-27.05741312641208,4.1993758919597495,-0.7605433509492786,1.4272975561594068,0.1880393255277556,0.960365575219128,0.8207796835699427,0.0088167416483068,-1.6856614847791636,-0.5555424183535188,1.3467674299691994,-0.8630238248758935,-0.1263995808487394,-0.6906384102642703,-1.0315249727991282,0.0204611471303021,0.6308655546662678,-0.5129271644048701,-0.1620551630560207,-0.8450609258187041,-0.0093502196725067,0.0224386435891102,1.6841902100998773e-05,0.0012728840117489,-0.0039173354718783,0.0044930252173136,0.0025466635282409,0.0003767774618032,0.0011221668139304,-0.0023316235305581,-0.0014923513860268,0.0005440850511384,0.0012493241047056,0.0006767572072842,0.0005184427586222,0.000330758371259,-0.0006215455308415,-0.0007143709304244,-0.0001509843852357,0.0015208009830388,6.031126785073823e-05,-0.0014327573824978,0.0002658837590004,-0.0004105849167431,-0.0005893932124765,0.0006864832347048,0.0010909237182203,-0.0006469227992255,6.280543584385675e-05,-7.96314990730085e-06
-23.20398170947308,2.333620572373409,-0.592779671202259,0.0866298459363413,-0.5804477769186145,0.2538284969902926,-0.0371751159886812,0.1872879660753707,-0.3170140964919586,0.4692049623397454,-0.8848088780274408,0.2621227032102537,0.8255172499240491,-1.8547531543432705,0.2321779307154148,-0.923161861428596,0.5669213617166742,-0.5031107493447563,2.681358573580264,0.0137911599519196,-0.0019460241844491,-0.0002639686164732,0.0013917009743707,-0.0001597203414772,0.0024494879060905,0.0018753133454416,0.0012137155014745,0.0006470872587892,-0.0023730605580581,-0.0001943745523533,0.0018882895523313,0.0011657529305093,0.0008146617096473,0.003402178730666,-0.0001982592433043,-0.0018309786118402,0.0001753743697506,0.0002992441468129,-0.0002795015125023,0.0014077390200858,0.0004254709021801,0.0009468607912351,0.0012765252054081,0.001903556957295,0.0029131478022747,-0.0020344454920703,9.486636972576576e-05,-0.0002128644010438,0.0002672338689407,0.0008804190347959
-13.204214730441992,0.9877685083351874,-1.0502930772769126,2.8579421771728675,3.652626125309052,-2.099137363465303,-1.03959583375962,-0.6089376968355451,-0.0487843749477134,-2.3806515294945068,1.144689417342542,1.126279087739844,0.8181416756608763,-1.9400678090950527,-1.7760796985899574,-0.0135702321640617,1.1021726603160864,-1.2562830491992605,0.9058029842316032,-0.0470522924622402,-0.000775220061478,-0.0009347953649485,0.0010967059507989,0.0018390185908531,-0.0004864531361797,0.0010836421008968,-9.46958579897148e-05,0.0008239365336809,0.00040085383156,0.001328875879978,0.0001938847998051,-0.0004853819341113,0.0009297875668608,0.0018707113901632,0.0004132877981154,-0.0013280523571193,0.0001886171168305,9.969936778626478e-06,-0.0014702845506025,-0.0006167076883985,0.0005518541090473,-0.0016840227277258,0.000709335738359,0.0005033949384481,-0.0001700838456388,0.0008927316694435,0.0013317094817624,0.0004965129182235,0.0001856397463986,4.4367805659038565e-05
-3.589014940658981,1.748225002115017,1.3587391202885275,-2.307978614903824,2.091301744358733,2.3293646848969174,2.341817279765,-1.978362244438767,-1.852778304647824,-0.6888895197131765,0.7554265634231928,1.3985780721492902,0.1154284409918819,-1.0384699616285686,-0.1437638521051205,1.2586004591617657,1.01544167824199,-0.1788644056425867,-1.4689224195894834,0.4502019849138683,0.0002065987746308,-0.0005927142248725,4.027975006899882e-05,-0.0016139094511247,0.0008177408971231,0.0010881409567754,-0.0004808135095326,0.0011747196861918,0.0002595890759757,-0.0011133731304943,-0.0009006517764797,0.0004426186343965,0.0008739803791524,0.0010152293001659,-0.0017484835615959,0.0003120640809326,0.0002429664818708,2.7040545670571582e-05,3.3901675982849875e-05,-0.0004757740554293,0.0002083953287969,0.0010134179688601,-0.0010920071043473,0.0001881521314253,-0.0009634456058187,0.0004744531507772,4.2138132190882666e-05,0.0004835388454239,0.0005532667246805,0.0002526813825356
-18.393196642332548,2.503212756719043,1.669488412286174,-1.4323806225817843,1.401645824473649,0.1211860520702088,-1.041892651232952,-1.670915097631353,0.6841777640702611,1.7951838591222002,-0.4441553474963197,-0.743101636074191,-0.4699295598882914,-0.9488335616091608,0.245366528118191,-0.2714585279811065,-0.8057603308463396,-0.425639962135738,-0.190992231512602,-2.1057128505629144,-0.002137375694408,-0.0027865704373585,-0.0011945252379924,0.0007340765786455,0.000788158394733,-0.0008015938486089,4.4750105114184274e-05,-0.0025823197332402,-0.0002121103151277,0.0001391363277478,0.000127391973048,0.0002569099353314,0.0007740912447435,-5.798706455505861e-05,0.0012624188401831,0.0008933254557044,-0.0005807280997872,0.0002650317752108,0.0009352211767457,0.0001761366238446,0.0023649215434156,0.001844008769467,0.0018225768508522,0.0005340902002599,-8.8831851953465e-06,0.0005169510088031,0.000281118632071,-0.0009151806254395,-0.0001808651500294,0.0001007941304372
7.829665077508775,-2.056201544862282,0.8850620939630096,-4.710840597295751,0.5822975958388474,1.6733019439114236,-0.9334856279337947,0.5858122260669693,-5.264340975685637,-0.503981488695986,-1.115115663316549,-0.0858071856754487,2.794140693819319,-1.6132001108282414,-0.192295215329203,-0.0924267082372467,0.3495903675642268,2.5952528535505577,-1.855435479494268,1.713963166114837,-0.0010394710959245,-0.0003118717863658,0.0007672970587922,-0.0007068905210311,-2.6944809262569373e-05,0.0018123499589523,-0.0011533486162405,6.282605330605786e-05,-0.0006338045253117,-0.000338153365732,0.0004312318339023,-0.0007832211020198,-0.0005487968443547,0.0012074533419125,0.001433140555066,0.0010891327486133,0.0003050585295024,-0.0008668607043859,-0.0002432928845284,-0.0010593067770904,-0.0006818414275823,-0.0001457216764734,0.0005159616649518,0.0003922111296346,-9.407205191019425e-05,0.0013966027166865,-0.0018334253343071,0.0009684807160363,-0.0003218255701621,-0.0007011736448292
30.66195536076421,2.9582542878591065,6.218405047841968,-13.699795898414376,0.7532348717142979,5.1234851449804415,-7.727870639489184,-4.698945834846635,-2.399397816675515,6.669358944390343,0.5815526395206004,1.1247227400544928,-0.3605224431690172,6.754955877784077,1.6557538238487135,-0.6398671479473022,1.1589091988097766,-1.002163614852449,1.5344433144042462,-0.9408896937103178,0.0012217779872283,0.0026999897385698,0.0001166375198585,0.0008263135057023,-0.0037813390132213,0.000557252962603,-0.0033051861012176,-0.0012977561584964,-0.0009525913195829,-0.0013594055009501,0.0005916201611564,-0.0001295574265072,-0.0013988994735107,0.0015428926203644,-0.000717716058345,0.0010764693310867,-2.7029210524242334e-05,-0.0001110311366031,-0.0003119276135163,7.05474813065988e-06,-0.0002067256149083,0.0003507626703685,3.090491719120055e-05,0.0009696410676694,-0.0003291066195627,-0.0001624533818996,0.0002327463365734,0.0007243828690412,0.0006014798463322,0.0008563728742121
45.03041550368701,-12.1509312093481,-16.079974661764453,0.9652301951316714,1.0212244986647518,7.823069028945205,-2.396841897528657,-1.2597012428568628,0.6357062317676666,1.3860909702064288,1.8949361851332711,3.414756512636303,-0.5532408015341983,-1.0959216335692203,7.822402726616403,1.1818122011739838,0.2144779817452316,2.343980137396865,3.620402277361323,1.4587162994996947,-0.0003837346694848,0.0002617221251544,-0.0006609914587923,0.0006424744276631,0.0004352183666388,0.0002179210466763,0.0011124168772186,-0.0001272535514079,-8.29444062027222e-05,-0.0011040214527708,-0.0004516124590802,-3.766961682412856e-05,0.000477260906447,-0.000347716491409,0.000163670471467,-0.0007185591931131,5.27118064488525e-05,0.000479626635466,0.0011144539771045,0.0002341294350437,0.0007941969474222,-0.0003867616005139,-0.0003351622994954,0.000208026121942,0.0009350447085614,-6.596423073477634e-05,-0.0009158970348125,0.0005480928043314,0.0008701853607853,-0.0007530917246929
-6.527157394605374,1.4690607766305492,-0.3947574891541373,4.663564076796509,-4.863762445458492,-6.233647472793309,0.0600228125394334,4.170839130532469,-0.926799479599547,2.4790492144295584,-3.1003891029798205,1.7832797578928823,2.004151409111316,-0.4926810204888263,0.1605620298816408,0.48608794988518,-2.2981194551712587,2.8644857387903837,0.14325649526636,-0.3598665691968073,0.0021866912290413,-0.00147063181311,-0.0004541951067279,-0.0010731957594348,-0.0007734066381009,0.001470113470195,-0.000103934240941,-0.0005025101078028,-0.0008193571990384,-0.000525123979149,-0.0001931489911777,-0.001135441859431,0.0001579986025282,-0.0015098243799782,-6.366040561259109e-05,-0.0015390210853117,-0.0012056607618944,-0.000580482996282,-6.7752914912079024e-06,0.0002821409853412,-0.0004629469453208,-0.0004534607255839,0.0014236540131785,0.0008765733312796,-0.0007215484648045,0.0006466538733381,-0.0006683562686373,-0.0007102277303262,9.252801082497828e-05,-0.0011360467046056
-14.938587678917775,3.548990424622292,0.2175934612524313,-0.7374559660295918,-3.5607674116123507,-0.3477776358076239,-0.9818817463301536,2.067140671748947,-0.0131855396712302,-1.5265899358761923,-1.3888499206350238,1.0804989298061434,0.5991304314701663,1.894936275058351,-0.1169156672383359,0.9692110257578708,0.5012680598886357,0.5180187857448525,-0.1617686216400306,-0.2721066456514699,0.00068755790924,-0.0011178800636856,0.0004927874589568,-0.0002419806557628,-0.0002145565054478,0.0008302249505826,0.0025052183043655,0.0002793354316041,0.0001323536712222,-0.0010131838007573,1.0446304914568224e-05,0.0025002176059399,0.0001536440330355,-0.0008169442352564,-0.0004289285050668,0.0005029047844836,-0.0011762796815203,-5.047263231237662e-05,0.0012292571289206,-0.0019496301919378,-0.0021727869969955,0.0006582747278387,0.0003573035512381,0.0015116341054938,-0.0017029364877938,0.0002849315014646,0.0010633621578872,0.0011040959614449,-0.0005942434403915,0.0008159265543798
-21.872854542028037,2.0387785937441363,-3.3174762472459856,0.884303828388487,-2.721600502432772,1.0882505601596684,1.4891387502484843,-1.5503267480008578,0.8658433685029004,0.2652066804048194,0.7699409436645829,-0.6557788728632244,0.2426224992581774,0.124927100017523,-0.0694429677612398,-0.7304849908246697,-0.5656771588395028,-0.4060227599130981,-0.1292442910631111,-0.6537370524758566,-0.0056402257378106,-0.0004934981396765,-2.23959609253412e-05,-0.0019642001496472,0.0009914303675136,0.0020422588338971,0.0012092895156878,-0.0018580229473879,-0.0046772696379061,-0.0004796717216314,0.0008907222909029,0.0008797627601829,-0.0019586461246353,-0.004357044854961,0.0015006976173971,-0.0012170166936286,-0.0024691852918439,0.0006194990878087,-0.0016968362790729,-0.0017648823651014,0.0003240323748814,0.0006653181812005,-0.0012090258989576,-0.0011988923873465,-0.0006895014766585,0.0018540568729654,0.0005527352423817,-0.0009141114298421,0.0020586143148558,-0.0013499947549943
-19.395033780537798,1.617376771443786,-3.4578200247202933,1.2206508537767844,-3.699342701374661,0.5108424073235014,1.18263080040106,-1.713831847824386,0.6642764273154016,0.5821320406727181,0.8736647447823314,-0.6793746483643448,0.3183893238652561,-0.075470251551823,-0.1885003490671022,-0.4736807738626383,-0.5518550568147916,-0.4006681845593144,-0.4292886679426964,-0.760112202051764,-0.0040721662092057,0.0001261164049787,-0.0001766244911707,-0.0011465028469042,0.0010397989468157,0.0021092963480305,0.0005068491079606,-0.0016300836303028,-0.0038871408944023,-0.0002508738569928,0.0004711274516461,0.0003139712276242,-0.0028304934374899,-0.0031094815297524,0.0005059684022371,3.354706390440124e-05,-0.001741580312947,0.0004419055535754,-0.0020886690917657,-0.0012829260287313,6.875665634499172e-05,-0.0003067617508213,-0.0008486933862894,-0.0009615573360605,-0.0003071287068488,0.0013419519055957,0.0009130423058959,-0.0008716653574504,0.001501079031377,-0.000924860593145
-20.16746961176564,-0.9728451357520284,-0.2529677597278566,1.8449780465266332,3.764761164190149,-2.65331276631163,0.3686728079603616,-1.1836362033108097,-0.252331577085478,-1.719372106283843,1.0503770043981318,0.0836562226027581,1.1703652556086055,2.184670037037601,-0.0255000657205632,-1.161324318075385,-0.1954422610293812,0.5098277953141944,0.4748142917150549,-0.7866215898605678,-0.0027711636886927,0.0022170208861567,-0.0023552254791676,0.0007069813921407,0.0020194184881089,-0.0016169735320244,-0.0030290324945972,-0.0035568556396533,0.0016546847876259,0.0011377610628248,0.0014894723476966,4.509234857532013e-05,-9.179671494400812e-05,0.0011542627203103,0.0002542123068567,-0.0002667167541079,0.0009418480872407,0.0024024688739706,-0.0009689223153192,-0.0008604287584083,-0.0002591599195253,-0.0006635015951721,0.0007948701348453,0.000579499224541,0.0007957375567261,-0.0008641844137982,-0.0008154000462573,0.0015450383943529,0.000368415469373,-0.0002313380804824
-18.513151821255107,1.5241406796984984,0.3954581244864206,0.6257947892362761,-0.4173501089212399,-0.5040789166581777,1.492717941896153,-0.4393361548615,-0.4366349813272165,-2.089310030748294,1.2645536516699578,0.1334845147977687,1.284648911887028,0.466125509144381,-0.6222427696992329,0.5722371892737415,-0.5032007157316132,-0.2995305836640792,0.5928027733278851,-0.5855762990958309,-0.0029738288193979,-0.0008921907390157,-0.0002256325173707,-0.0051908372280304,-0.0033217148908104,-0.0018830468056968,0.0010299278307412,-0.0004506305372891,0.0006592165153297,-0.0001357848272943,0.0006488910773913,0.0013261767498711,0.0007284042250697,-0.000513242191821,0.0006109958271907,0.0006824441155518,-0.0004171177347847,0.000631561672037,-0.001014896982597,-0.000158944536025,-0.0001085110247634,0.0004089822089843,0.0005550422266183,0.000326751538998,0.0006041494215725,-0.0003022010298253,-0.0001541735729274,-0.0001730925343302,0.0006329557374498,-0.0003410165947301
-17.97645653532766,3.2446630283933677,1.2493306504167052,0.038268276035693,-0.4671418408435264,-1.1524756047140776,0.3188362773067929,0.0657854189359605,0.039283712280515,-2.0665667860380585,0.1846275250021363,0.6339916975987747,0.7875724011760176,0.9359165140312916,-0.5791234149134763,0.6000086755839731,-0.6879238492156273,-0.289877137900271,0.6209438702730546,-0.4691602224249352,-0.0018530602620581,-0.0010820939409951,-0.0006880564032543,-0.002900315707352,-0.0027850123303346,-0.0021449385257714,0.001064086866338,-0.0010003024456573,0.0016193321024526,0.0018510236369787,-5.8786222622350536e-05,0.0012942985966194,-0.0007388732373205,-0.0006878263525114,0.0008091094523233,-0.0001314695530237,0.0005252766814889,0.0005481034680455,-0.0015792516665065,-0.0006519264303772,-0.0013103471484979,-0.0010133024594542,-0.0004424244423233,-0.0012580351126388,6.622652189025249e-05,-0.0007069464312949,0.000541719826533,-0.000843952177315,0.000519276419154,0.0006619118997731
-24.69102137193873,2.7475512768772226,-0.6438571321180852,3.173639056448069,0.2385347206147766,-0.9980900563270424,1.455782600792972,0.6128929051808365,0.3097865400953699,-2.0786319609891093,0.6039751842604741,0.0772361329415188,1.01115950134987,0.4156755471464638,-0.316322859109566,-1.0895778111072072,0.1249510221625304,-0.2456111196632916,-0.3251932511811741,-0.1815200526412483,-0.0044017852123237,0.0103312724137105,0.003625295709573,0.0012010667809471,0.0027361364761596,0.0013117091766807,0.0003448064992284,-0.0050983374630235,-0.0024637960519148,0.002204612655118,0.0001242406569267,-0.0008280918336982,0.0015156960503075,0.0004025378844637,-0.0019574392188605,-0.0007831842542627,-0.0019992988078636,-0.0002885853145836,0.000747191215263,0.00208768285362,-0.0008371795077921,0.0002619012999093,-0.0007686244684496,-0.0004673541104027,0.0013439089850762,-0.0019648968037725,0.0005701944968008,0.0005287217090973,-0.0019039077436654,2.765958814132197e-05
-21.25034388177876,3.768941497672554,-0.1506075637918287,0.323620643216621,0.3719041796987637,1.01400951807651,-0.6674705068778719,-3.24206499780107,-0.1245959899582614,-0.1892804125314538,1.3114399809982786,-1.6286400494012558,-0.3928075140619131,-0.4761724333690115,-1.1094624924639724,0.4622090068131093,0.0072514828238906,-1.2703162751342068,1.1013277215398682,-0.6663231966420117,-0.0026549050301463,0.0020697442402622,0.0003837581318459,-0.002620343700155,0.0013620442080459,-0.0019131158145343,0.0002185758624651,7.110542550906714e-05,0.0007891929525797,0.000598300051946,-0.000690588802232,-0.0018108971763005,0.0004101745506991,0.0012823068963194,-0.0014858721196845,-0.000905604939725,0.0005073781718383,0.0004815412875753,0.0011372661723284,0.0024679775612174,0.0009205512018622,0.0013905590811153,-0.0005771691726131,0.0001111014545295,-0.0024071809519537,-0.0006064300589131,-0.0004257205443031,-0.0006740980488685,-0.0006576148574981,0.000138063337943
-18.004083848457636,2.077102410460196,-0.3446607603834253,0.2756355962887092,-0.1653427063813707,-0.3095513531949209,1.3563372542180347,-1.074888963420625,-0.0672198199534267,-1.6043568137300246,0.7785428642898031,-0.3555680411671192,0.5233372259724701,1.6405461066299325,-0.240793016637647,0.6956565571834454,-0.1816068855404187,-0.5294795304326059,0.582294052099747,-0.1492310400762152,-0.0027599281236021,-0.0012136805382995,-0.001126953401571,-0.0047300081247263,-0.0026745205520365,-0.0022823311314972,-0.000454022631191,-0.0007219004923563,0.0010050169584569,-7.388565767688169e-05,0.0008480858123579,0.0005488908329691,0.001177182302227,0.000248495477133,-0.0002700507817199,0.0003684368212452,-0.0002977382164077,-0.0002615982093248,-0.0005909789327426,-6.391692991926422e-05,0.0006640974518078,-0.0006697031021991,-0.0004019730177826,-0.0001567672118,-0.0004741556474908,0.0001175503327081,-0.0008697745153848,0.000665764200507,0.000175787322105,-0.000145733860502
-18.305630051107087,2.0268018120793165,-0.3717484713966155,0.6452854077272433,-0.2408249012651537,-0.2230647006244067,1.6263039786251632,-0.5610777163834225,-0.1058077575067654,-1.6755348710079008,0.6135417378662892,-0.0264487630436227,0.952643340278186,1.2212788195869986,-0.1796874754738198,0.682935185352426,-0.3074264501992373,-0.3022636547834795,0.4284311108547384,-0.2192892751304957,-0.0030243657442946,-0.0008557908760368,-0.0006928571686125,-0.0055683958271056,-0.0031493266056518,-0.0015522613700963,0.0012233978992788,-0.0003324168627272,0.000767592771087,4.883555416251089e-05,0.0006915670245519,0.0011319191845144,0.0004703724253958,-0.0001993752843269,0.000206032528109,0.0008573697922456,-0.0002281317571693,0.000209964601255,-0.0009908089291013,0.000154683476712,0.0001713164402424,-0.0004823373666031,2.721271245561169e-05,0.0007012200433349,0.0004490766257643,-0.0002541128147663,0.0002995911736631,0.0003830826522517,-0.0005866801194027,0.0001698173926783
-9.917155277533803,2.4251769425259817,-1.681520790835399,0.0056252603151916,2.252833370930164,1.4598720955829758,-0.4067800034797983,-0.2220646115602945,-3.078020936257046,-2.1018188419150468,-0.5400945382016868,0.8653254933609303,0.8726688211277237,0.0391618509349046,-1.0258197888428695,-0.6910329779365184,-0.4574830364318474,0.2143534038768621,-0.4192130290969029,-0.2054767106138582,0.0001175096255222,-0.0002554842143073,-0.0009846379123346,-0.0025101129171594,0.0011816497611958,-0.0002719110543642,-0.0018237480387068,0.0003503128262064,0.0026640373597938,0.0021179493625912,-0.001123994610202,0.0014634596313442,0.0010954492248525,-0.0013401281497164,-0.000843825782472,-0.0015075642841613,-5.05483005327968e-06,0.000505008098559,0.001059676481049,-0.0007697902835151,0.0011875445216064,-0.0008031468947931,-0.0017297281550361,-0.00073124337367,-0.0001902483772724,-0.0010898415811694,-0.0007122959303574,0.0006165582905438,0.00029451127614,0.0012611087167112
-18.48135120282037,1.7878227754395404,-0.2050496024817612,0.4617361240753955,-0.5184362748287038,-0.0485045238755159,1.0739405326978964,-0.7608382186201091,0.0233459855536439,-1.7055763314887304,0.9557418668622004,0.0238775496983914,0.5721720696277185,1.1050641726819708,-0.4910468560700471,0.6592204530106992,-0.4916603947256768,-0.4462045292286379,0.7834946370526099,-0.4604597946318061,-0.0033921488937452,-0.0008962448943896,-0.0003363615877161,-0.0054848388436129,-0.0034510807447226,-0.0021082146810304,0.0005452875584501,-0.0002296218418023,0.0008045062363621,-0.0004407817152427,0.0008927734896578,0.0009865390553316,0.0006720139650307,0.0001059356071412,-9.861737875159584e-05,0.0009034289695934,-0.0007006879550198,4.7008559755335394e-05,-0.0006472589632967,0.0003034110513867,0.0002389837791605,-0.0002361496863266,0.0002340171344649,-4.584069954354684e-06,0.0004295191392192,-0.0004405297728674,-0.0004877285869933,0.0003904864434352,-0.0001094373761416,-0.0001199490351062
-18.492039440568867,1.5833239435855797,0.2903359137961954,0.4040026119236097,-0.5551658247702227,-0.3164647895483032,1.3327607187769337,-0.2378818607954687,-0.5001046880440098,-2.2577396977789963,1.2125488740465724,0.2896244718136792,1.1497263406709104,0.6190245647065304,-0.2162004165666356,0.4095672515889864,-0.0927769643025859,-0.2825310118679096,0.4575086386585272,-0.5524946972075835,-0.0029662473683092,-0.0009152231061896,-0.0003142610634501,-0.0053605465412766,-0.0030379593689575,-0.0017591163527137,0.0011215625401576,-0.0003818022897934,0.0005410610214497,-0.0001917888816418,0.0004909799303716,0.0011471994225253,0.0007569253467109,-0.0005608438741761,0.0004715358800474,0.0008053474962639,-0.0001752307508776,0.0003285672667604,-0.0009649926350366,-0.0004631729000035,-0.0003030042299184,0.0001873190038242,0.0005902809606253,0.0005203417474408,0.0006326607803472,-0.0002723061870495,-0.0003643066898697,-0.0001092376774923,0.000671680174964,-0.0004980372777169
-25.091177108046395,2.658528837501537,0.5496696688974002,1.4367799217441786,0.1857358243939135,0.3207544616482111,2.178332236820153,0.7532256112528019,-0.8409181670438581,0.1034643515747879,-0.0944322743087716,1.6666446176747924,0.8519400884879755,-0.0732096072631206,-0.1558238921365925,-0.9352098126400604,0.186846517611967,-0.1687543446228147,1.0729943549720502,0.1922844272983871,0.000386978648391,-0.0005724004318264,-0.0001695873983726,0.0006775741227086,-0.0005821510600737,-0.0014585619787554,0.0074936683863552,-0.0043812554418377,-0.0016566898680646,0.0001300130812027,-0.0048655540663624,0.0032708511540222,0.0018337050915258,0.0020527047530587,0.0013884414429668,0.0021042064601026,0.0028659212574814,-0.0003496635252334,0.0003484210024945,-0.0019038518497421,-0.0008124003119423,0.0005527964952487,-0.0004642589618192,-0.0015255310512854,-0.0005837115588265,-0.0013074146918482,-0.0005366457694161,0.0013778285310276,-0.0011779409225646,-0.0018233376700141
-5.233535280217015,0.5505911084038234,-4.175521491415032,3.2887202928561514,2.496006373874966,0.268312642377208,3.851674014790228,-3.135415968401382,0.5429643796854773,1.57985706414247,0.3024217183222126,0.9173531866755068,-0.7190279331135901,-0.9951318472009644,3.744853966762434,0.3207223413166396,-0.1859694979089053,1.163367381780991,-0.2613842502005914,1.1213658241632154,0.0001640107591029,0.0034368416390519,-1.2669388270207449e-05,0.0002894606340279,-0.0003358454952013,-7.585061593765961e-05,0.0011728161805494,-0.0008213506329411,-0.0008438173554456,0.0005278930568574,-0.000563049925926,-0.0003056365869707,0.0003028294417231,-0.0026559781749298,8.938519131682203e-05,-0.0005713372690189,0.0002837709070732,0.0013329446486963,-8.94184743522482e-05,-0.0019189255773046,0.0012506228529164,0.0018950179431447,-7.194169769392388e-05,0.0003667049846217,0.0001295643930003,-0.0004960947539129,0.0008897668438563,-0.0003322596018985,0.0002689026762164,0.0003458037977032
-0.9756634767252154,-5.1905359765033054,-6.704124317244383,8.583823647928455,1.1394909172239347,-2.43585110531672,-0.9252278797784248,-2.88340812008922,0.2807084570048552,-1.129590597536587,3.441621217683718,-2.268012137125226,2.3879708620008366,-0.8493630300372988,0.2506291983826302,0.7906399911831928,0.9105146240582151,-0.4614418033357882,2.675402071103524,-0.0906456651938358,0.0013420912482977,-0.0009233610253277,0.001207945428144,0.0006100290168407,0.0008333088306679,-0.000606641991136,-0.0014225878895014,-0.001695729687403,-0.0008846703142552,0.0002873703484686,-0.0002208356501268,2.87074528721179e-05,0.0005115823085311,-0.0015223071051673,0.0010239424329678,0.0011791550971546,-0.0017739084444553,0.0005405105849844,-0.000479928836708,1.0237399626519671e-05,0.0011480266575196,0.0030854240131917,0.0007806643442869,-0.001806515213933,-0.0003712042284714,-0.000553274388205,-0.0001266948573304,-0.0012654088390179,0.0006872870974167,-0.0007201721058499
-23.35739865816308,4.380372324862773,-0.1400712330351863,2.562247492091421,0.6964869535005114,-0.8722585801438176,-0.2153262064548739,-0.0812724856955991,0.772144212593095,-0.4465199148656851,-1.4813443295296824,-0.1474452245506634,-0.4139206632983608,1.6147586438334205,-0.167920837390032,-0.5735585128479117,0.8005731081065516,1.0897829206199028,0.3748455991993018,0.220243256007224,0.0028571187599351,0.0010563388700091,-0.0018300444877869,-0.002004709388952,0.0021408707040755,-0.004137663954954,-0.0018597639791861,0.0037703785062522,-0.0006117806601492,-0.0007958274852114,0.000449452133472,0.0003107515608544,0.0010005538355222,0.0019806696327188,0.0001810403516845,-0.0026366505235983,-0.0011626808668772,-0.0003658384402539,0.0011574951449365,8.767970692700744e-05,-0.0002268228923108,-0.0003778368824266,0.0003971249106139,0.0017522598973201,-2.881618673485126e-05,-0.0008217446245709,0.0006145714859246,0.0018176649930845,0.0011828458144998,-4.2791691863892136e-05
-3.2998425002217213,-8.767198636653267,-3.805227400616033,14.285270572760336,9.367669972046086,-13.867086085921732,6.766305894950117,3.530586944112497,0.3516868834097038,-4.212917519729332,8.592927089829939,-1.9628093148141847,0.7945831657738127,3.91132650357204,0.4662238517575048,-3.8309511374765406,-0.1421805691492455,1.9959683400843555,-1.997020061627015,-0.2409995460350982,-0.0011724806151488,0.0011661427314261,-0.0008567093204593,-0.0003021259197469,0.0046983039324286,0.0013900071417784,0.0009639474845043,-0.0005625314313991,-0.0007554080824405,-0.0019739384644163,0.0052607777304027,-7.583004195336323e-05,-0.0008548990672606,0.0005317959409104,0.0010029235856019,-0.0001804267618962,0.0011110709868816,-0.0018860545102353,0.0003841894835639,-6.548874130032852e-05,-0.0025716969944203,0.0006125331738925,0.0003621967876734,0.0002262931858726,0.0022168895088968,-0.0006177226464026,0.0006099698282295,-0.0007196960062559,0.0003685993269023,0.0017807263330656
-28.40093220117664,4.143492994008195,-0.9338500922146908,1.4791723952339455,-0.5835853788370985,0.6525386027452741,0.6390252960882143,-0.3006022929807321,-0.5579680235095653,-0.5330003748814285,-0.1496680432294817,-0.1065548250076175,0.3978328128466441,0.5077835475673195,-0.0578798050477704,0.3989143996421498,-0.1851547353404856,-0.4902607666956423,0.2805520992994751,-0.09694820321185,-0.0041204193885903,-0.003697731116612,0.0020737449311447,-0.0062828155413448,-0.0034551186451805,0.0031978443548703,0.004802784595015,0.003018322396104,0.0048490793996307,0.0003511727783702,0.0028616001833207,-0.0051990492815946,0.0017316735886472,0.0035173839272996,-0.0012188977637247,0.0029722260053151,0.0005306236907982,0.0007081831106936,0.0046932667135665,-0.0002887364989531,0.0059506815376532,0.0012085702584344,-0.0031201120735637,0.0016415207752498,-0.0012818384651744,0.000781106741671,0.0032545795519992,-0.0002182790065554,0.0017624099109064,0.0021707226390393
7.861293462951578,-3.356676586010432,6.185665743894761,-6.104883534572086,-2.552683039339792,-6.010732396668961,-1.871297490766111,-3.3149548611555413,0.1894666856848913,-0.1005050137963771,1.3831580995734916,-0.0464384845821685,-1.5834174831125427,-0.10776264575841,-1.1151087014719978,-0.4461690263508743,-0.8955950319911052,3.1846572738235777,0.1889744906023719,-0.5125541738154902,-0.000338423108622,-0.0003332793930562,0.0006061200078679,-0.0011460817882941,0.0004511321915917,0.0008285490050392,0.0006147719436096,0.00159274135203,0.000512560043814,0.0011659337568044,3.065685496208864e-05,-2.463336725741272e-05,-0.0016675050055085,-0.0007010685479851,0.0003726550131174,0.000112331864043,-0.0004579169462884,-0.000764566994953,-0.0005424313852083,-0.0009473018903914,-1.6544564218235266e-05,0.0015454026836411,0.0001177365840907,-0.0011572972072114,-0.0013608834821868,0.0002962272428612,-0.0004473496048275,0.0002460840364527,-0.0002157368670897,-0.0006106083914452
-7.72209461350246,0.0072679411270139,1.2902031478564469,4.23499815806849,1.457578999403055,2.4982535770447907,-3.756639928223519,1.122833214190886,7.692224393511719,-0.5614937737331712,-0.2930476505868983,-2.777739357528485,-5.378640916180564,1.2743655412531023,0.4637333423691987,1.0257741062559258,-0.6830177203137893,-0.3584343692548068,2.5074406062217616,0.4503804397134481,-0.000129624230034,0.000354689448531,-0.0008115169162759,-0.0009802802334648,-0.0005618125707873,0.0001474683584656,-0.000376378683661,0.0009655113512865,-0.0013272377489281,-0.0001369887527523,-0.001834973077691,-0.0013685283187921,-2.444533941362856e-05,-0.000802375500189,0.0008952628688725,0.0008832708431986,0.0012703319563827,-0.0009529509037094,0.0014824728109918,0.0002331545882575,0.0008108813016526,-0.0003173226515848,-0.0006293867660071,0.0016519153562463,0.0001188531813331,0.001614626354137,-0.000735983322956,-0.0009256042742118,-0.0001416916934074,0.000570505244114
-22.52398653209036,2.404822334334276,0.0222655771276841,2.263982152735649,0.1155195631045103,-1.0032008392141332,-0.8674871946230437,-1.3613994814163823,-0.2098033588584916,1.4775711286141453,-0.9979443080405144,-0.0353615780498641,-0.5253308966200563,1.3925621666558938,-0.042358264768265,-0.9775560159499828,0.1353754083276915,-0.5474754235819906,-0.4715567727299367,-0.9671876580548262,-0.0011756552308036,-0.0027714603641279,-0.0017348852358868,-0.0018502928876421,0.0011331244986478,-0.0009877028213331,2.533319873693293e-05,-0.0003604773153358,-0.0018368573816821,0.0020317627911201,-0.0001266263080251,0.0004293238609598,-0.0023605003600795,0.0003739723952672,0.0008690574710008,0.0001918520524483,-0.0010565890831876,-9.469724914470952e-05,-0.0009735765093813,0.0003241650550703,0.0002733036900743,0.0022370069682512,0.0012598372861484,-0.0035398969285924,0.0008085822511903,-0.0004926674176436,0.0010130938589775,-0.0007586125715248,0.0013302006838735,-0.0003751069585099
-7.152026174008832,-3.4303639725309725,9.113293762417213,-2.977313610914498,-0.1337283398093521,-1.211546111102696,-3.5911531860165544,-5.151869544058331,-0.0260560290671124,-1.4418108493391224,2.201241870265973,4.399812080666224,-2.0219875961635103,0.0508237987384868,-0.8719225594955488,-1.4074459516387898,1.1676945832939032,0.156279786897009,-0.6848918728865914,-1.1802409898582644,0.0013005931860161,-0.0002718950421112,-0.0004511793065439,-0.0009499385117305,0.0010972839023652,-0.0015377000793243,0.000916069651311,0.001390218557049,0.0004168255647718,0.0002933265057442,-0.0001610185803258,-0.0003820993375391,0.0015560026826147,-0.0010320132160515,-0.0040056798209864,-0.0015855150320344,0.0001703388334078,-0.0014636394225086,-0.0008327409019699,0.0009715790670287,0.0006085753685597,0.0011015058829355,-0.0005646528396945,-0.0008804930525553,-0.0008231436909658,5.5204592729405314e-05,0.0004124931429556,-0.0007381119303695,4.985203809754882e-05,-0.0009211165937859
7.229233070954553,0.2099689753807328,7.565273740530719,-4.127506936990099,-2.9617322825546464,-3.704441665419436,-4.762581965139876,-2.4594485180088457,2.01165115889352,0.98793440508944,0.572076980618312,0.6812323268542047,-1.441307332231032,-0.7207491147043129,-2.028978747623058,3.2719240112935557,2.926391663465015,2.102733096318589,-2.600647665395921,-0.116561432452024,-0.0009832934544911,0.0008900491280594,-0.0003291741652045,-0.0006693007802915,0.0008819316946816,-0.0009385960198444,0.0001042464530363,0.0004973781815747,0.000519630496623,0.0012850371186535,-0.0001239165404129,0.000203199806959,-0.0006398449036807,0.0003210959181029,-0.0017893518249429,-4.28934450106141e-05,-0.0002069895133879,-0.001272005052633,0.0006596279465793,-8.0732281579494e-05,-0.0006735685846129,9.08753260965234e-05,0.0003108331924337,-0.0006221142469539,0.0001319667039301,-0.0008130797856354,0.0012237391071105,-0.000483058446805,-5.652597131160454e-05,0.0006289964579373
-16.063714204004302,3.521899049747589,-2.253037068865204,2.5521555478537814,-0.496360681808562,-0.2777793318240061,1.9953589206230813,0.1046456688493029,1.612704219448176,-2.6504517587140586,0.079030326882529,2.2093691148227594,-0.987362070365848,-1.6115486194587127,-0.860324858706164,-0.9267766975878076,0.4720250601586966,-0.6756390586779942,-1.4818515716032852,-0.2753498599855817,0.0012260367477261,0.0023447548658453,-0.0009102710558998,0.0004795231165821,-0.0009828004427378,-0.0021854941025805,0.0008251094501797,0.0013883564128676,0.002010411765447,-0.0007781839332295,-0.0003215174047457,-4.743945510902779e-06,0.0012093445613975,-0.003019211005766,0.0014946117742202,0.0003865471070817,-0.0025124893030815,-0.0001339055081847,-0.0006453717649379,0.0001775265575573,-0.0009311099906436,-0.0011431005254232,0.001200105355906,0.0012808064206974,0.0006240624493264,-2.558911819304484e-06,-3.765355704977044e-05,0.0018888866763425,-0.0011028330502044,-3.912577008273347e-06
2.375579548495985,1.7507147456373555,3.9735890223177024,-5.8184006287513546,-0.0652265378779487,-0.928386343078857,-5.495610069963703,-0.9201536068664868,-2.7961216641953834,0.7446988141015084,-0.0758262783076872,-3.3600012485425066,1.9412209804537188,-2.1798877182349163,-1.2615458393161132,0.1288265420368974,1.1171710371765,-0.7079930053927007,0.5365650158323004,0.9983589575251312,0.000404709596329,0.0005007426416106,0.0011358413585053,-0.0009226849854268,-0.0008170439005864,8.366350075014747e-06,-0.0012452905393155,-0.0010571706167918,-0.0001874350780754,-0.0001134517899423,0.001107302470799,-0.0006977900968074,-6.573275311422352e-05,-0.0001931425687331,0.0012860495935781,0.000236109654409,0.0010324613792459,-0.0006813663177158,0.0007511028512513,-0.0003339023747119,-0.0003042707452998,0.0003783909930701,0.0005598970452914,0.0008313147388099,-0.0007088622651449,-0.0011650670087295,0.0007500402999406,-9.146468207292092e-05,0.0007247353956423,-0.0004855478509656
10.7584898881414,-2.207463222838887,-3.9509427867567486,-1.9121505224381825,3.680196253171849,4.975475601730079,-2.672733387217176,-3.664530139544973,-0.3610811300489571,0.0812429306299446,-0.9219836799571656,2.389686023127287,-0.2603366708499569,-2.2328690435816685,1.0546378612163527,1.61333144286764,-0.4053177881797037,-0.6687177962946637,-3.535169931252236,-0.4329019360303318,-0.0013551820607517,0.0010354936203248,0.0010553517325392,3.363909673920008e-05,0.000701894217654,0.0014532762413128,0.0016193375961597,-0.0011081649733933,0.0006677488551473,-0.0005067432304444,-0.0004035272123908,0.000287545757354,3.83404537433373e-05,0.0004147079673525,4.05639870325573e-05,0.0001336047809145,0.0003389325231659,-0.0005205558887228,-0.0005695201624018,0.0003098312088962,0.0001430136255746,-0.0008403723121567,0.0009607231334369,0.0002858687048643,0.0010618588001501,-0.0008888690795536,-0.000551342482335,0.0001558020376165,-0.001014154340965,-0.0007792231962486
16.450956540669885,8.85574680122313,-0.7973781797585304,-4.700722695622559,2.3809161944046418,-0.2201572175759287,-4.496991701481611,1.0503219537562,5.262392890278013,-2.3159111987370715,-0.0952516832646634,0.988094442375392,0.8527011048115314,0.6942759476859015,1.795110074090219,-1.6844433076373873,0.5118318868494491,-2.355588730584093,-2.4867167858378982,-1.3014323384569004,0.0031370541967117,0.0002575481520605,0.0004743174318767,-0.0012406986906969,0.0004595103761373,-8.122677070584608e-05,-0.000229746701905,0.0010579493280536,3.971941704935781e-05,0.0001476311001672,-0.0008666307121853,9.208408244061184e-05,8.642266797061925e-05,0.0001430125207012,-0.0009123681175763,0.0002203553916405,-3.658222527837804e-05,0.0001024269956124,-0.0004126150952656,0.0001576604129319,0.0013781186071112,-0.0002436006598791,9.043924452251616e-05,0.000966920742676,0.0012463907378628,0.000286980818824,-0.0001614969229197,-0.0010226938028462,0.0009857122209408,-0.0007001009845513
7.819618428062051,-4.72668085023758,8.316755721489356,-5.6893104919551805,-0.7358636679914654,-3.686398178141289,-1.2334659702336126,-3.298302896262409,-2.909763886963345,-3.024503945999416,0.4290650440066323,2.8583142845106035,0.1458976375345548,-2.362430518278809,2.809712751245152,0.9749095845825048,-0.1325278841469822,-0.479723527534048,1.6602706602672634,-0.6529367871409261,0.0006133544151802,-0.0008594928304752,0.0016744332492507,0.000452023736591,1.4519561204622197e-05,-7.894876347042645e-05,-0.0013245287138833,0.0006278802509838,0.0006736593965961,-0.0004865116853517,-0.0006031311749811,0.0001292910276125,3.462348837703232e-05,-0.0007178692346126,0.0006264895289468,-0.0002804725576807,0.0005804997834895,8.500772774687365e-05,-2.600786510146241e-05,-0.0006689691366605,0.0008016670235785,0.0006568500353119,0.0012531313529064,0.0005542780631543,-0.0003082956664626,-0.0003940091236854,0.0004199279298517,-0.0006404414300648,0.0008740039084068,0.000878135866178
12.470138677829087,1.2946350281400754,4.953754625661481,-4.659113030741309,1.1426487573736228,-4.576632377373376,-0.3328338753257237,-3.0701919616907,1.7020870887283372,-3.906590403195366,-2.441178050395979,-1.6541850383397687,-0.030947385616401,1.813135038059731,3.637019593051707,1.5314880291085151,-1.3676303100751317,-0.6094338879708648,0.2857170817453069,2.279302875536981,0.0005098945759047,0.0007477705113087,0.0012804045483327,-0.0004685782288414,-0.000264419090144,0.000102701076457,0.0014170886998772,-0.0003656213120774,5.036476403662399e-05,0.0007622411825687,5.908071643324157e-05,0.0005017988826739,-0.0005895014282137,0.000101157472101,0.0005220711884167,-0.0004613280429674,-5.441046839945021e-05,0.0009213446524535,-0.0005636828662716,0.0004213875979046,-0.0002404694162289,0.0002382508743603,0.0003898837050916,-0.0003906119520044,0.0002575620793166,-0.0001348193686817,0.0002537311062169,-0.0004150922934798,-0.0002189096962654,-0.0003284498867095
47.19827980941805,-0.0682156630339717,-3.704911588963108,-1.7583015890711335,-11.384232668727831,7.827727728949526,-0.962404614732002,9.217214601953184,-7.183800309273234,-0.6714841986059044,0.934625747038133,-2.878164986932345,-1.5702207463727489,2.0606198951433568,-2.0132073814991647,-0.2561410094539865,-2.204704878814018,-1.510082370843227,0.6208727974359024,1.938256546455253,0.0003615585600132,0.0007855916972407,0.0001501247956195,-4.378362323107973e-05,0.0005333067148078,-9.101725790254012e-05,0.0007251069376747,-2.039312150623771e-06,0.0004427290644243,-0.0002358406274731,-0.0003648524219296,0.000588251394039,-0.0005370932856572,0.0004166857738372,2.630478214261577e-05,0.0007904878090777,0.000122627707632,-0.0002235136097135,-3.88651586556234e-05,-0.0006437753873498,0.0008664734437885,-0.0004133625052135,-0.0001012182972225,0.0002031393400075,-0.0003936973085596,7.593861020614172e-05,0.0003857263000073,-0.000128629001364,0.0012527197862384,0.0004133195720636
3.411096037661846,-2.929186886365296,-1.2894503748775328,-3.510631536251967,0.3226780864056708,5.613367029317431,0.0649921031863507,-0.8161656127427798,-0.489284541189822,1.6615956821671856,-1.675313708886759,-2.617051888770893,0.7605591306062518,-0.2805906891999717,-0.6407014680855713,-0.2581772724628374,-1.3229740638357192,-1.5020879664067592,-1.3309196993564654,1.8467461384975528,-0.0024479897695758,-0.0007283204082379,-0.0009807661352332,0.0001022041367146,0.0001575504719699,0.0002956920925755,-6.969665627213777e-05,-0.0003457440240931,-0.0004602479360025,-0.0001409140313529,0.0007846076491856,1.2161316265753393e-05,-0.0011679658590273,-0.000799440067808,-0.0009000638207321,0.0011619560253583,0.0003113055562927,0.0010253431339769,-0.000193139592467,-0.0002087538924396,5.8142291131198827e-05,4.0405455511630745e-05,0.0003178773216989,0.0010697465290099,0.0006912885854639,2.8398097278133213e-05,-0.0002465830574233,-0.0003342162807098,0.0001867036945422,0.0008553153947839
163.8831179902756,-38.7492482152086,-23.20321947822046,-24.463627505401355,15.249125853546786,-6.455619600030805,23.13557276057141,3.7060101301853607,2.402340080339427,-3.126727206633086,3.870469848871648,0.4517229243141547,1.4342413089301864,0.6586405361362926,-1.4612815416010447,1.1885963736551386,2.4562248975941414,-2.027831707303497,-1.8322826779049608,-4.172504131232322,0.006153367253032,0.0007361958068935,3.688178869994328e-05,0.0001074162275846,-0.0014680096844116,-0.00011951290314,-5.041781228491863e-05,1.605025646674233e-05,-0.0003653330747051,-0.0002997014012761,-0.0004570598049021,-0.0006396420665195,-0.0001887266504764,0.0003514748250961,-0.0006086258700688,-0.0007316526414794,-0.0002132298678057,-0.0005464053077566,0.0003098943891296,-0.0003253370604636,-0.0001616011583858,-0.0004517860241173,-0.0001722984191522,-0.0007036803479229,0.000111201546817,0.0003413910767142,-0.0002876089659217,0.0001420628930686,-0.0002903218060964,-0.000669947703309
-4.648971483492413,-0.7469346475831963,-0.9920565096131364,-0.541263655164656,2.960900184585985,-0.890057114320062,-0.1118430790180439,-1.0183045797142387,2.0746715780290663,-5.299627792311018,2.207813204052376,-1.652440941921441,-1.8331413209751413,-0.2130731572584182,2.15292312943299,1.0130291182734248,0.821198406573009,-1.0247605953024932,0.2471361342691594,0.738911357001119,-0.0005849645557664,-0.0003582676290307,0.0004175747186376,0.0012590418865634,0.0024463062629436,-1.7708401213814495e-05,-0.0002460447190698,-8.586539745580417e-05,0.0007479487485491,-0.0008089645155746,0.0010448443644398,0.0003581102548471,0.001125611223501,8.32019335088031e-05,-0.0002034772812769,0.0017431618165039,0.0010407240325399,0.0016050006136467,4.0752801548882754e-05,-0.0010319499055507,0.0003176689469596,0.0004535316187274,0.0003026244304983,0.0001905662846492,0.0002676192610023,0.0002138527388391,0.0004988449079211,3.146545871803559e-05,-0.0001270683084363,-0.0001671395172146
-4.532414279079777,-0.9416281360416318,-0.6632642629689005,-0.3347473879891301,2.6355486948792066,-0.9631924132002698,-0.7823824305191823,-1.7030490566553806,2.10314217372808,-5.186892327997359,1.4362230845103403,-1.6269150081054058,-1.4793673747936085,-0.0142297703603249,2.6263684688301905,1.3385210761103783,0.4151492232457622,-1.6565349313555249,0.1169361926568857,1.2015308632216182,-0.0007045023360851,-0.0001523758936891,0.0005973036266179,0.001083949011037,0.0023710658118981,2.7016802046930288e-05,-0.0001470885742113,-0.0003959615295736,0.0004129711136832,-0.0007800338140779,0.0007733447519261,0.0011917721087377,0.0006358979957095,0.0005839276523407,-0.0004274322029485,0.0013970780072772,0.001215249383452,0.0013176229609029,-0.0005189192810353,-0.0003492242513928,9.400850116550792e-05,-0.0003031159203107,0.0002266198006128,0.0002811393934452,0.0002959017652663,0.0002825069243223,0.0005371091672933,0.0001771838188524,0.0005202282149208,-1.9605907160985704e-05
5.813655002826972,-3.40352822690111,-2.1292156452233817,1.5508958842697669,-0.8255147854051095,-1.8916220253895943,1.003910508944221,-3.1828197006692163,2.303982865792342,0.903999439469696,-0.9929242843337008,2.3510802227923757,-0.7046432306444356,0.6785628594061069,-0.3953335873576283,0.742107360829404,-0.5178003272975523,2.1331047184746037,1.204973737644058,-0.542176654232912,-0.0014808783437552,0.0009420563981936,-0.0013125955510293,7.310019604462518e-05,-9.123935797330132e-05,0.0012826153050074,6.277505643605821e-05,-0.0006414169931424,0.0005257207121169,0.0002524154241406,0.0002022492766599,-0.0011317962243779,-0.0002569604931833,-5.467182363088055e-05,-0.0002722293778556,0.0011323570003807,-0.0016788298023052,4.125414101841831e-05,-0.0002472632233418,0.0009746318057189,-0.0007520044363098,0.0014665386413294,-3.302075503463371e-05,-0.0013858842608264,-5.390353720117578e-05,-0.0003063346746666,-0.0012304113562852,9.67879145927613e-05,2.2241862758628292e-05,0.0003872897061578
-4.55960155791296,-0.5500375009699924,-0.7538350018259897,-0.3108710330974324,2.637431732604791,-1.2195181742159238,-0.261130391051397,-1.1425076511146963,2.296189783507319,-5.597932967420062,1.2504892885679535,-1.446099373411619,-1.2156545649201698,-0.2474982163743573,2.7662913986966844,1.1314312788368297,0.1946237946154192,-1.2116310511126984,0.0377450435803147,1.1114153377153366,-0.0007504042511342,-0.0001216956511648,0.0007162584255181,0.0011160161256414,0.0022607399311728,0.0002494009617221,2.979690381140608e-06,5.444854663316264e-05,0.0006801841033917,-0.0009025305788186,0.0007566908111645,0.0006987075954458,0.0008454917927436,0.0003845054951931,-0.0002043079125443,0.0014206877033684,0.0012225305096849,0.0015846722141159,-0.0003358004497955,-0.0003821737029072,0.0001039944721528,2.8767326141864957e-05,0.0002894852578443,0.0001768443197812,0.0004891432614814,0.0006234146840896,0.0006903926801844,2.1521291126677056e-05,0.0001768595428967,-1.213648797553855e-05
5.913622116629962,-3.263465402488688,-2.117643892473273,1.6227666763885904,-0.8216040692080895,-1.87039418623164,1.0463761033930372,-3.211022949540703,2.351677211629283,0.8608172143584135,-1.0648572584762817,2.391510763010077,-0.5776287696689985,0.6365483273289996,-0.4774420756658298,0.5545069488085095,-0.5817226452385655,2.2390554891905947,1.2502429583567038,-0.6502987308938726,-0.0013236396161522,0.0009807741348421,-0.0012972995029469,9.697934535534364e-05,-0.0001071034307212,0.0012915665759977,-5.837882181153225e-06,-0.0006284368913105,0.0005315576004225,0.0002296780668337,0.0002160762633029,-0.001157385237226,-0.000265848858903,-3.685699270189623e-05,-0.0002596132205208,0.0010848911175919,-0.0016719199525232,5.074117956226294e-05,-0.0002378357895794,0.0009851497608781,-0.0007834498983036,0.0014557620610135,-5.3877397824658543e-05,-0.001392163021032,-1.9580363969388617e-05,-0.000348773183679,-0.0012336574604551,9.5351716260468e-05,3.273238390873308e-05,0.0003556286809008
-4.752789251892233,-0.2592617041981599,-0.5637609943363561,-0.0636507582146658,2.4737647661775446,-1.715160315275023,0.4002512534692928,-1.1989474308748669,2.6957080019848885,-6.042520502458793,2.078231705837849,-1.7625061359991685,-1.0487748391030352,-0.7428920916519969,2.1391798126159483,0.7530254988116772,-0.1727799451069979,-1.035825619947599,0.296517644132454,0.6755136688819814,5.109518054487996e-06,-0.0002493789283107,0.0007942722814193,0.0012942045180346,0.0021345281547418,0.0004306574237148,-4.699500152575999e-05,0.0002396140680117,0.0004731876563248,-0.0008678496879615,0.0005540513946011,0.0005090038465503,0.0010853485122942,0.0004531444397197,-0.000115890905672,0.0016270097131124,0.0012373250365367,0.001715405568462,-0.0004020954441205,-0.0004458062271715,0.0005644896903848,0.0003059629915941,3.623489204661793e-05,0.0003810343287533,0.0007218711205453,0.0006066857214504,0.0007304966096899,-0.0001821717063989,0.0003421311824167,1.5287257767439864e-05
-4.8920076877978405,-0.495417750862603,-1.174529146683826,0.293262556354776,2.7554095583536373,-0.7857341972180064,0.5506937047276433,-0.4364854131250195,2.455626639096449,-6.484663487589244,2.4841747969596333,-2.168839915483624,-1.110256064684509,-0.8296829026967745,3.342097405233587,0.7726659376728604,0.6971521485453713,-1.153750122086769,0.3617783343219525,0.818793303633348,0.0003755599206335,-0.000408584389676,0.0008813568477591,0.0010969909600139,0.0019721957846674,0.0002318251566117,-0.0005277994411047,0.0002125440794651,0.0007620275596133,-0.0006389698863483,0.0012145900200882,0.0004953324001836,0.0008957051197345,6.974290197230945e-05,-6.456272684993454e-05,0.0014410213804938,0.0011343829791774,0.0010622877841862,-0.000342389962,-0.0007336630177015,0.0001308325022207,0.0004611029179193,0.0001161140162474,0.0001139048966429,0.0002357827828871,0.0004870021982371,0.0001648870297804,0.0001049072559782,7.945107618921101e-05,-0.0001464051933768
3.02378385319532,2.974587109259808,2.9158324457720752,-4.753953655383723,0.2988795472939036,-3.645249025103297,-3.154653189342156,0.627255022848468,2.5446283894508874,0.2517926439272128,-0.7501144181009667,3.7587215531087352,-1.218379510530455,-0.8172394286011492,1.977960061493896,-1.6875820536078825,3.324481883251813,-0.9885960759277284,-1.7996273708627988,-0.3127204471524802,-0.000739136360208,0.0008667290600146,0.0008118213656493,-0.0011469119833653,-0.0007093745475938,0.001045297495644,0.0012292396253186,-0.0011422973623573,-0.0001004144262613,-0.000780511076908,0.0003757092897717,0.0001789166674916,9.988956566714956e-05,-0.0007701321306011,0.0004941439589779,-0.0011733080217189,-0.0004470999839274,0.0008906144246065,0.0002634094810365,-0.0005019500176213,-0.0002927966056779,-0.0006004929085932,-9.568788024314466e-05,0.0016617947845019,-0.0008633194490812,-0.0005217506819391,-0.0001108436404489,-0.0004634888721531,0.0014406820403195,0.0003689082380968
168.3621867512446,-22.752477850906292,5.847504067019383,-31.0127367351791,10.450514161896605,-16.578138749955258,8.787450137770142,-2.317144416209965,-11.040622262661518,-11.22769587021678,-12.999173471672435,-1.1744010184318308,4.7375837906133365,2.599635152457413,-0.0301051593988092,6.049255955431723,0.3642673372506485,-0.9636806176138412,-0.3268183073612684,-1.0375290608032373,0.0016915721248883,0.0003937842733566,-9.761702427185275e-05,-5.658931884580277e-05,0.0006667687405215,-0.0003426136257095,-0.0004577798470567,0.0008827475067752,-0.0002759556564076,0.0003665031235238,-0.0004219517903696,0.0003899578765353,-0.0001665859441314,0.0003597798948011,-8.22412098888155e-05,0.0008487103472971,-9.07143694626184e-05,-0.0009173400928546,0.0003111428715671,-0.000553808446095,-0.0004885421003463,-0.0001125559885073,0.0001214947674237,-0.0003583612646994,-0.0004592634457318,0.0005028404493237,-4.850131870509637e-05,-0.0001635304286849,6.183107226548415e-05,0.0003234100320666
-14.79436350004526,3.185389422843994,0.2205012584996588,6.189347678019466,1.2561316804195524,-2.2807677650549163,-1.1769692849495397,-3.35237539448581,1.4076736245600638,-0.8151709660975495,-2.1366148409618293,0.9655982225079718,-1.0632573064842197,0.6508641215570656,-2.831188626516913,0.7658214852518074,-0.8909992875025919,-0.2489681631449965,0.6655689912025516,-0.8684869957825628,0.0034404425705871,-0.0005148895004792,0.0003158517543994,-3.728278853183769e-05,-5.9974431051427664e-05,0.0010724402846572,0.0011538965447199,-0.0027529575166044,0.0001799971550023,6.95411332508601e-05,-0.0008580365275435,-0.0001393355525052,0.0011857842784908,-0.0011372883641824,8.141881391777339e-05,1.964929334409397e-05,0.0013099727869077,-0.0006682734772523,0.0014819639612453,0.0007988528645444,0.001811491390101,0.0008129331391993,0.0011450800961522,0.000327853778583,0.0019518949062571,-0.0012025382432723,-0.0019777833288292,0.0006525486383103,0.0001507399879268,-0.0011963895232749
-14.955896095213664,4.066748948169415,1.1148300514181957,-0.9062306706516352,-1.9489039436220272,-1.0269153630226786,1.416017184048731,2.2650986076843416,-1.3862264983049368,-0.366057634784628,-0.1198987947173717,1.5124915381230222,-0.407226611666959,1.139239019796206,0.6543796491106703,0.8345865343107188,1.0373603404543217,1.039598258662343,-0.7964910726090139,-0.5831225690976563,0.0011558188355645,-0.0016365629291627,-0.0002958310051293,0.0012863320176049,-0.0006213697505801,-0.0010694805167847,0.0003023134679119,0.0007857009035151,0.0006242867349477,0.0004459357277392,-0.0006410333196062,0.000823307082321,7.526668279998752e-05,0.001508893456183,-0.0018274928460291,-7.904935297283924e-05,-0.0013040839726178,-0.0007885861581413,0.0006764759007995,-0.0010630761516284,-0.0004721053964798,-0.0011809057488696,8.499161849430282e-05,-0.0002577111487626,-0.0010756166224419,-0.000234145059526,0.0023531670567681,0.0018405447002109,0.0001025955488532,-0.0015143496045158
-10.548974754765773,0.2543669364328719,-4.595495092839629,2.2256199504718355,4.209085997075347,1.2120955198553571,1.1563087276253592,0.1425817972981553,-0.1839671812657597,1.5702306287113723,1.4489946775952294,0.7465689013905235,0.3410079493721855,-3.0833133794628584,1.8190645854777576,-0.426849192453997,1.1080884017852124,-0.9659112059207255,0.020807486837846,0.0855264969673215,0.0009480013171351,8.404197976099512e-05,-0.0010914585880767,0.0001444310271122,-0.001415902333053,-9.930603965536268e-05,0.001262965804731,-0.0005427483235808,-0.0001269182902681,0.0023663567949553,0.0013385479647525,-8.81351766246284e-05,-0.0013797426703718,-0.0014443550868076,0.000571919994768,-0.0011291493144583,0.0012775144856299,-0.0023145581068776,-0.0018123026442876,-0.002233132285758,-0.0013402354967294,-0.0002009515191048,-0.0012183561780469,0.0005981454754303,-0.0009323706121793,0.0018016228241132,-0.0009017681895463,-0.001353718189479,0.0015157681995607,-0.0013295795975239
-21.906752242926554,2.4912435458358426,2.172242471742448,-2.1221066390775656,-0.5445549416175907,-0.3868329178639779,0.2447387803379423,-0.7414188264892484,-0.3277868438316503,0.0483567451241738,0.4855342597602842,-0.7214948725213799,1.2578700099570812,-0.1019076762399607,-0.4541918982090654,-0.6321154630742017,-0.9954874039815984,-0.8227668444679823,0.6331428251624815,-0.0640397873762841,-0.0033229912215222,-9.389242807795088e-05,-0.0009254491579267,0.0004719888784148,0.0015490242294198,0.0035903011809011,-0.0006555018852192,0.0026393038694085,-6.810990894210806e-05,0.0012803631831134,-0.0008509555174169,0.0005647864745589,0.0007523844868232,-4.054669287531025e-05,0.0001941850138685,-0.0007387408915055,-0.002691681189826,0.0017127914853784,-0.0009863904903861,-0.0017108925631273,-0.0019295794635173,-0.0013326339096509,0.0007658766914182,0.0002554361994245,-0.0015681296463074,-0.0022533443683349,-0.0018104810403639,0.0002785748118491,-0.0016915641642929,0.0012512951695663
4.709676933091454,0.1482112774074083,4.560404253566952,-1.7660197181608164,1.3713963347542857,0.1506719365515149,1.212818117463526,-3.4187988232778235,1.1271662140869756,3.2339792192378485,-1.3625389883668266,-0.5962227461324225,-2.946817357737677,0.9478980498564664,0.946433579740701,0.0740268954055289,1.5601963652586863,-0.3265172380947033,1.78607859729721,-1.112317811066056,0.0001573948139433,-0.0001225732074592,-0.0004989596070163,0.0004310911363581,0.0009450994162787,0.0006964892441819,0.0008704479716984,-0.0008465207593892,-0.0004910726344914,0.000129339119388,0.0006318335884645,-0.0003114813693034,0.0005743804027553,-0.0015534468337835,0.0002411070690336,-0.0001049712294479,0.0005354990352122,-4.83047543527068e-05,-0.0007185840503668,0.0025972146085208,0.0004647245216512,0.0012480312109938,-0.0011447925291067,0.0007926037696971,-0.0015144894310331,0.0005458890321479,0.0006353403073693,-0.0006176702296711,0.0005285773033068,0.0001267250615184
-27.435689824246104,4.596433378518142,-1.4177677541356413,0.355628212779039,-0.0702510010933299,0.0761830795684161,0.5612691132523245,0.2101949626238823,0.9521342324766228,0.8329094944829362,-1.589884067308066,0.0220887708548805,1.5788403376227766,-0.089870665161944,-0.1825528936096896,0.4726126703530345,0.0108140230824794,-0.6494347054020531,-0.0445889134958237,0.6804589267337177,0.0002434451361338,0.0103460144937011,0.0055549646055856,0.0032098776952312,0.0017143350083441,-3.98246941167736e-05,0.0026231203312506,0.0014362899349328,0.0062840554139488,-0.0015951013668774,-0.0028284554233779,9.947719329988244e-05,-0.0018231586272414,-1.1072543707033463e-05,0.0012926827432321,-0.0021157542764588,0.001789913558434,0.0011215302745564,-0.0003525751602343,-0.0014033704506731,-0.0021346732669626,0.0009363026631596,-0.0024383552342812,-0.0027897458886469,7.044731549803658e-05,-0.0006405648316693,0.0001341049854192,0.0023956516768208,3.976133802014893e-06,-0.0010258792435757
-17.94043307412092,2.209979006373568,0.0328565590043156,0.0575582668756661,-0.0523178899937346,-0.2076799062685459,0.9234735989703672,-1.0081445243073437,-0.1890117723075289,-1.4366692857884422,0.5873887793867212,-0.4943323982675587,0.3532779814795841,1.3241319995202552,-0.6017108448983286,0.8111511980726526,-0.3448181204619802,-0.2410048374682204,0.8652880732999835,-0.3448366931803765,-0.002478827618612,-0.0007030506117173,0.0010910346726388,-0.0043223980637211,-0.0032142197233623,-0.0017099429533322,0.0004961647005044,0.0003397848767375,0.0004459411596406,0.0004588028342008,0.0005134790268517,-6.200835464037312e-05,0.0020864699709568,0.0003241340669911,7.658698422304305e-05,-2.6273750898544093e-05,0.0003216183405832,-0.0005779733132046,0.0004851673522237,-0.0006090552596037,-0.0002400387755645,-0.0004091433095197,-0.0004110041963155,0.0001202666464895,-0.0006550575290026,-0.0001868312909087,-0.0005637759733265,0.0010058798662099,-0.0007926663716882,0.0003072503313587
-17.99006263345929,6.5557385647440585,1.8063477241319752,-1.40716666504182,-1.4051117479986173,-1.1500616928205236,0.2077976906946547,-1.6124533338235614,1.5555036879667647,0.5790009074406658,1.3754552243284883,-2.2392007473915654,1.8208880029319732,-1.9563185984418596,-0.1767177259061462,1.475625855009291,-1.1224379517844485,-2.585539868375489,-0.8074554929869311,1.8702797925681132,0.0019603083674498,-0.0011105984509171,-0.0003092433389578,-0.000718953419183,-0.0002761107500016,0.0001800418370016,-0.0017679439466544,-0.000405547153329,0.0002823407861158,-0.0009996006029442,-0.0004555862649309,0.0016100054733008,0.0006777383939346,0.0007338583363487,0.0005002672054176,-0.0002209395043072,-0.0007403220301295,-0.0009604840461764,-0.0001763961960035,0.0007638810344648,-0.0005969033560771,-0.0014205670698498,-0.0025527630507516,0.0005316261612107,-0.0007197754155817,-2.7593959807996063e-05,-8.062345389146938e-05,-0.0005024550758801,-0.0003954266547581,0.0004513468556582
-19.32901571683367,6.326843518908092,1.8269120668815024,-0.8328422863167063,-1.353771953745062,-1.0696602661980092,0.5743694478006175,-1.7610971411267466,2.1173603328699047,0.8466862128239361,1.7690383447634472,-1.796096931099938,1.71469143185479,-1.4333027404387253,-0.2815048421372106,1.403943903666494,-0.5352814961435874,-2.501857400007575,-0.3864570980050854,1.6688001056382384,0.0018879182438256,-0.0006386339059029,0.0006118750956677,0.0001522785878907,2.3932898675001196e-05,0.0006879240334127,-0.0018913771631885,-0.0008321350485299,0.0002806891355153,-0.0005972387864871,-0.0007434664461781,0.0016611688454864,0.0011712407898216,0.0005815646493367,8.824394870299344e-05,0.0003827333035186,-0.000629372697719,-0.0009097946596207,0.0002236347460283,0.0007668917208075,-0.0009449626248965,-0.0009479691489544,-0.0024813716944522,0.0011611961699644,-0.0008821862456005,6.406065742062971e-05,0.0005364255067899,-0.0011182832194648,-0.0004047738448909,0.0005075519671355
-21.526046126502397,4.0478847689453605,-0.6115137232610968,-0.4649856537745123,-1.0931084439315035,0.2012557707901975,1.7048169919058795,-0.2651216200580514,0.6739357783023089,0.8516351937120853,0.1419784611015273,0.8992182237220264,0.2884919181422483,-0.3672784309917501,0.0704130780726715,-0.1892881462301652,-0.9264478065237476,0.5927249739103655,0.2474087153649958,-0.7710531286489012,-0.001311576097927,-0.0015872739365429,0.0006929863873683,-4.138227723958205e-05,0.0017204328772847,0.0011153155111941,-0.0011707331567368,-0.001123790516651,-0.0014719732621335,-0.0039709131704734,-0.0004264801414131,0.0005693337671672,0.0008950904919501,-0.0012866279454113,0.0015589999223837,-0.0009199663838901,0.0001689314544262,-4.7391357280312026e-05,0.0017068767563564,0.0010163983499851,-0.0001169646564104,-0.0006084291299476,-0.002155721373986,-0.0017425399699793,6.654948493085735e-05,0.0017823005460972,0.0014524110504604,-0.0005453529013562,0.0028609307763812,-0.0010775119968433
-23.776521308930462,4.067846509681107,-0.3190953085327107,0.7397448060857154,-0.5346302634817266,-0.3669022817550986,0.4712255498353,-0.9633280326565546,-0.9056475367785246,0.5884430446778388,-1.0642030965257316,-0.5300380049752366,0.3326039518990696,0.7444093118173185,-0.4835109323411971,-0.0928313988350178,-0.7213082561303844,-0.3475428909633405,0.6760145424636821,0.3427055279080499,-0.00043474092532,-0.0015800244021677,0.0023266900641379,-0.0009724041310296,-0.0025204033211079,0.0034111428786646,-0.003245962718038,-0.0027979890483379,-0.0029090839902208,-0.0027691703927108,-0.0018992249678862,-0.0019255664241043,2.75132291582631e-05,0.0010666842906851,-0.0002771670405576,-0.0003824920558033,0.0013811661106038,0.000327557319601,0.0006621664012977,0.0026271504857309,0.0005935674451041,-0.0011832792284373,0.001535975422002,-0.000681771370269,-0.00057424530534,0.0010465183361473,-0.0005538073688352,-0.0016449676887872,0.0010225418846221,0.0005065398443245
-1.953278141239619,2.4027198053363694,2.6460538065740287,-1.862887465552329,3.476432023208768,1.2393727254309324,1.7302461584972304,2.213089453178436,0.2358348975906631,1.8943204836405816,-0.6047714092564414,5.044993781634451,-0.1807033141185722,-1.1003748753278395,-1.3686303685412062,2.510200898935757,0.0915484675594384,0.0472074685643153,0.6647964764820916,-0.5298098742029903,-0.0003457686919636,-0.0012026524502356,0.0001467380959369,0.0009486259275251,0.0003884106893796,-0.0001936879702449,0.0003601934054606,0.0003553717814651,-0.0007533002508619,0.0009984667344377,-0.0010798697881431,-0.0013934924343138,-8.896842198998814e-05,0.0001079955754125,0.0010736607494655,-0.000419691380506,-8.976060673262354e-05,-0.0010298387562977,0.0011659617833701,7.703289911395561e-05,-0.0001099756004901,0.0013403097590897,8.678762917737942e-05,0.002782628825378,0.0013586580348584,0.0010382339635383,0.0005602472437268,0.0006080532997719,-7.169727829929863e-05,-0.0008467956323507
-15.38482074990018,2.1588184722694423,-0.1220357706373542,-0.681906012911217,2.9163901351684647,1.2906893334908207,-0.7395292274973755,-1.0889197012147254,-0.903232158694923,1.4100602864296796,-0.730283211632127,-2.45343316083887,-1.2951709090267007,0.0915007476791294,-1.3191543880552754,-0.4523557673124025,1.080316071560108,-0.0123193749418533,1.1897725267849608,-1.0391994650502197,-0.0020073281455395,-0.0009761934047845,-0.0024083042128824,-0.0010253427489126,-0.0025208696241511,-0.0017788918165976,-0.0009915808445513,-0.0012951279256856,4.400234819349052e-05,-0.0012186773020193,-0.0022255417488028,-0.0015679223605251,-0.0002267680800114,0.0010356941962574,-0.0002298280890448,0.0005411327495771,0.0007445275983595,0.0003882716412844,-0.000644653235118,-0.0003994782512954,-0.0009565122914307,0.000512370390183,-0.0002868976880956,0.0005096887890725,0.0025520899389415,0.0013249628390683,0.0011019814304421,-0.000389855079987,-0.0014347027456868,-0.0009271461289883
12.089975086619406,-0.5137732400096074,3.3356866733322224,-4.072270978562276,1.4852306945575122,-2.669658464244647,5.6425966995370445,-1.0685064174167704,1.092212362178268,-4.711238778201997,1.8828958417799515,-2.8892145318023488,-2.9967270528893644,2.439327390341712,-0.1061078313446513,1.6157365684367,-0.6732779902726451,-0.2484875876641933,-1.0067351897737495,1.20375224022604,0.0001199513874027,-0.0012819608277357,-0.001377777006883,0.0003922934195101,1.7003843858494715e-05,0.0004519103934433,-0.0006258321547969,-0.0003447251599296,0.0001563546017114,-6.801050018421246e-05,0.0003431481098322,0.0002828873892191,-0.0008175266323729,-0.0009822400181655,0.0005511359483044,-0.0009331321067794,-0.0001242497132867,0.0003998011220183,-0.0004828272372585,-8.600783071030324e-06,0.0010895760834598,7.290307339887116e-05,-0.0008275765607733,0.0003595179091054,0.000748133959356,-0.0002158934163507,-0.0004862871887489,0.0006933058028759,-0.000171016081916,-7.847829560200621e-05
-26.839765816290434,3.5354135685806485,-0.7458875548675601,3.138484193049909,0.5848820188327712,-1.1507740912511606,0.8893252314516059,-0.9104352679014924,0.6285311789443795,-0.286285062864307,-1.4906209827002035,-0.3208013503851261,-0.5477122889535911,0.5720624973274403,-0.5800769649219056,-1.0062976434968265,0.2895677505064389,0.3019447637188712,0.7995229860579177,0.0999047377570647,-0.0024121828132227,0.0069781286463862,0.0008477878461681,-0.0019876072442245,0.0021621723228545,-0.0029938746467647,0.0018742289603022,-0.0012434448503522,-0.0031352326003789,0.0073627328697142,-0.0002667314435913,-0.0017165066244728,-0.0005776147860081,-0.0018294764572081,-0.001004743927324,0.0013116328162856,-0.0003752308199588,0.001438792228785,-0.0015795932516545,-0.0037869145632712,-0.0006974943574445,0.0002265878624346,0.0006429780416994,-0.0011133486531376,0.0012653492672737,0.0021494521880195,0.0001452110959769,-0.0002312956938644,-1.7303728544469118e-05,0.0007446329404069
51.44004425065168,-9.91456193059367,11.241647118854862,-7.902137193496025,9.166683515042902,-2.790047566942836,-0.7910941753179462,-0.8928849227457177,-6.59869902485026,3.3148567794666297,-8.298034618892723,-8.567196515016454,-1.1051783057534232,4.881097699634769,-1.335559112718965,-4.001841653896824,2.5789098679091,0.565175252408897,1.77020547229825,-2.6128472237949234,0.0009253931685189,0.0003343899515197,0.0001891549103393,-0.0001331616205091,-0.0002987221642715,-0.0010434528345995,-0.0004596028389272,-0.0002968707310458,0.0001585662263033,-0.0009531481739738,-0.0002770415268803,7.31822584994909e-05,0.0009043624789186,1.0327056801038305e-06,2.52288283721562e-05,-0.0003303369886888,0.0002136647531492,0.0001997038610011,-0.0001701054120531,-4.3848479131821015e-05,-0.0002566058866181,0.000291193611188,-0.0009475805880879,-0.000508604149419,0.0005176131340559,0.0003522080543772,-0.0002674617950702,-0.0005777374521106,-0.0001508066575511,-0.0003501723556801
6.728281626344313,-3.0963750227914275,-0.5880404971642802,28.85100920984081,-5.396667186287273,-18.31838621294695,0.3337453586800036,-2.0611931134478136,-4.8946996039274815,8.936812806480797,1.2625601318651682,-2.835647959246092,4.211405479394709,5.478299460823096,-0.0687384372836108,2.720482577790384,-0.1686851241483558,-0.1012329669303861,-2.796924352856594,0.555091993153045,0.0034735802005208,0.0006566993563271,0.0001003911890684,-0.0007857977351592,-0.001455683488319,0.0013007303035807,-0.0003901444375455,0.0016336220937835,-0.0012076366082707,0.0023473071763377,-0.0032680649534419,-0.0001095553236303,-0.000760430702542,0.000682488999179,0.0010589745636587,-0.0008973221388986,0.0006025677446054,0.0006452712715927,-0.0013408135322748,0.0009411128778,0.0020363347316516,-0.0005955265503263,-0.0005371210036749,0.002130017610519,-0.0004655866032877,-0.0005266391922191,0.0002076551760531,-0.0012863542921895,-0.0003166089931786,-0.0001248305560896
165.32772428437423,-39.181038383783466,-21.91436775580807,-26.721919332580672,15.40895048779923,-2.455126228127788,24.958845754907543,1.0892120593022794,2.476651660043686,-0.4212299994682831,-0.3421876462302336,3.848542230059268,0.603822838633589,3.4178660788789856,-1.2253877583968775,3.743755668368475,2.7166293345161425,-0.82108444665512,-3.141970920260864,-4.4960287055027095,0.0018901424786245,0.0001954869570944,0.0005543539906685,-0.0001212724349546,-0.0006359987461421,-5.642253800370649e-05,0.0002928342650157,0.0001293406811352,-0.0007512169763046,-0.0002065784787105,-0.0002277955169634,-0.0005306177073781,0.0001997442578419,0.0004125422798651,-0.0002816966473441,-0.0003286461911824,-0.0001369156650385,-0.0001770221177451,-1.951465877750687e-05,-0.0003302651909723,-0.0005944875738719,-0.0004961910626884,-5.5919741560247705e-06,-0.0004496148821794,0.0001559044381113,0.0001196678744016,-2.4148374401938942e-05,-0.0003449343235757,-0.0001939179285634,-0.0004727426629114
-25.167568764577133,4.707814783939447,-1.031660265610514,1.1720247859145307,0.8866301202283621,-0.5925524739086282,0.3867223872818314,1.6531483004672909,-1.6504836495785962,-0.1368018742908198,-0.7711830690331279,-0.7652915154642879,1.4017305640448718,0.5662664163203038,-0.7943999364545838,-0.5752440091589407,-0.1281087126306581,-0.152009894440713,0.4127844240219865,-0.1759998307664952,-0.0004270930647143,-0.0018700506997636,-0.0006243384311263,-0.002123574685271,0.0008680839778883,-0.0008618003329014,0.0024326757414333,0.0012451906856838,0.0014829356467081,0.0010574008274032,-0.0028147779125832,-0.0014213165406966,0.0037267106527296,-0.0023655431514614,-1.1860028380492636e-05,0.0013794602045463,0.0034177186686465,-0.0012477556290832,-0.002965443937136,0.0041020717902102,0.0008894298610566,0.0003721412826998,0.0003656505476344,-0.0004941274511827,4.543144483240959e-05,0.0007134670348602,-0.0004266068685335,-0.0006682170514522,-0.0001206451522407,-0.0015980995520411
-25.34343411844669,2.857126334147528,-0.9498169218287674,1.0871051092861757,0.2082885694661049,0.4417293008279273,-0.0911319527643211,-0.641874510148765,0.2520391989451562,-0.0950334271346997,-1.0218575135218717,0.2660332580321626,-0.3209659148760922,0.627057383926836,0.2645230539200112,0.0309648792662618,-0.0580284741110786,0.9131522619242352,-0.3815982821406342,0.0932486033667401,-0.0024704589695516,-0.0020206453598746,0.0013716890012179,0.0034029217276946,0.0002915647056234,0.0004398268390336,0.0038272839128694,-0.0012963022900101,-0.0041436358926378,0.0017728052683653,-0.0029688646460235,-0.0025566155742732,-0.0008070211342493,-8.48796481184866e-05,0.0022947260172892,-0.0011519774784384,0.0015048093190359,-0.0020605998691257,0.0011393540098581,0.0016068706185594,0.0006947721322044,-0.002123066228421,0.001654368133097,0.0008583674131975,0.0018019127404809,-9.822458720417131e-05,0.0009664545306628,-0.0008685214261206,-0.0003273849545061,-0.0022485280273809
12.403573285988257,1.5868850238894308,5.0308954184392505,-4.819239819017338,1.2408000753889117,-4.776490054168351,-0.292909138931576,-3.00755427549891,1.6980950888065784,-3.7439657701190097,-2.195557240806512,-1.8992206130861864,-0.2853097527854107,1.9181206656948495,3.7292986187826194,1.7181203963101692,-1.174305947893924,-0.7394225572279162,0.2585995280434909,2.38793887002251,0.0005267597219592,0.0006458035545619,0.0012487167111468,-0.0004674583276254,-0.0002248955239026,7.632495051799069e-05,0.0014055151535011,-0.0003879098152309,-5.72235680296075e-06,0.0006206691106273,-2.600980489386543e-05,0.0004852905958183,-0.0005677180707164,6.670412230864989e-05,0.0005224583389754,-0.0006091239971412,2.0785150947594344e-05,0.0008903109697984,-0.0004555167639403,0.0004688368170916,-0.0003515363087896,0.0002760579298009,0.0003545318290713,-0.0002898802954772,0.0001879909161357,-9.411194890939988e-05,0.0001637390739196,-0.0003807613134501,-0.0001976553570175,-0.0003274705037967
-24.54148904954662,4.118341566769116,-0.4460222520231297,2.8014142307071053,-0.5031455918844765,0.6125498628096764,1.5453126842601774,-0.0576212821020382,1.1687393803409591,0.4664788469143862,-1.2765149284262187,0.068264204937631,1.5357501729901737,-0.8905899243657674,-1.1641702597579264,-0.7648321069604304,-0.2989249302494724,-1.0183621600271968,0.2259576465872558,0.961327601682894,0.0058521117523627,0.001707763319091,0.0022445573247583,-0.0014165173294445,0.0001148071418061,-0.0023148018072155,0.0028183358167584,-0.0015810478230822,-0.0012704416632272,-0.0025966546430775,-0.0016226204286358,-0.0017834502776926,-8.301916850179158e-05,0.0060390813123868,-0.0011429178087315,-0.0014601920261169,0.0006161053639115,0.0020744495324048,0.0028975616626422,-0.0029641582899731,-0.0027773420354779,0.0014725930921296,0.0004300716015913,4.727408154419012e-06,0.0001748678639399,-0.0001660917717224,-0.0025651631166448,-0.0030568239362305,0.0010877832699308,-0.0010288164535306
-20.12041075084568,2.163936628914026,-0.7067469931905819,-1.1664325611673387,-1.3689446167991723,-0.7125745046666332,0.8760137283625412,0.6481831466500546,-0.5015075441045878,1.0176329001361255,-0.5264289164315414,1.2894261152492632,1.4429854308167391,0.7687541669985841,-0.0847026634966466,-0.03477200821454,-1.1183055360545846,0.4596780588350997,1.08523502906702,-1.0754738582751775,-0.0034227793043903,-0.0010237498031119,0.003013685989884,0.0015470332422076,-0.0014784312545812,-0.0006814276693363,1.879898049652809e-05,-0.0013785737292541,0.0022608089222127,-0.0007468883622469,-0.0003197484517028,-0.001953210384366,0.0025608527072568,0.0003208038650476,-0.0022832343769063,0.0006083921496851,-0.0006583916316714,0.0004753981826679,0.0004231370456467,0.0015307771550865,-0.0010302498073486,-0.0014521335315073,-0.0003777851756061,-0.0017267223720167,-0.002231005043915,-0.001900344373733,0.0005687904949573,-0.0034781878967331,-0.0002860497185042,0.0010791301115209
-25.03844783638308,1.93731211648247,-0.2564828991536675,2.2096615040932845,-1.9060070723662088,1.382215076010934,2.006829394330909,0.7781338233635641,-0.6686643090948732,0.8341692279939227,0.2082462810192736,1.0500784374266838,0.8266910063769846,0.0051193830730173,-0.7466897767579824,-0.9538305417673536,0.3898975870365591,-1.049304813713018,-0.4528660252058588,0.4798039979840276,0.002965536898267,-0.0018574488435276,-0.0013831652497735,0.0019286967492617,0.0024711249533763,0.0010073913140637,-0.0027738469228139,-0.0007834395211009,0.0012954312508526,0.0003853258474593,0.0010088252440738,0.0035087839769468,-0.0024467523586358,-0.0017622224762671,-0.0036718610145663,0.0015622284510699,-0.0023841654716545,-0.000357313406814,2.989703831631415e-06,0.0021441249156336,0.0008137357189334,0.0022381621117435,0.0010034504899217,-0.0013721149975163,-0.0025915888844441,0.0018027017362631,-0.000108651991772,-0.0007735075728914,0.0002174813596921,-0.0001652827602877
462.73615016823214,216.6541193260867,35.97587837154463,37.0456911242602,-6.654206404363792,-10.467416789475529,-9.68629911225291,8.806543797585888,-10.332533055909192,-10.797159794390977,0.7276676839750961,-1.7105919296587586,3.683858819582912,-5.532747424210339,-0.3662546233063888,-1.3257300832954644,1.3699528668867271,0.2447418580910007,0.9315105198764768,-0.572823122841007,-0.007553447912444,-0.0009658960676684,-0.0006229960268313,5.15614801786305e-05,0.0007400955029181,-0.0003046753119918,-0.0011402792610717,-0.0003963714582346,0.000223735064995,0.0003134428551079,0.0001059569828949,-0.0002698719020984,0.0003200267111368,-0.0005353795736502,0.0001598584461754,6.125810243323829e-05,-0.0001167741210169,-0.0003232995283813,8.620617647160123e-06,0.0002003757260292,-0.0002695628246758,0.0003135548145283,-0.0002575765896747,-0.0003002832225686,-0.0001999852369301,0.0001319778782589,-0.0002696018578994,0.0003256418938414,0.0003616821644835,0.0002584760759033
-24.41090475448426,3.843806794817609,-0.082363433351154,1.1360674029845663,-0.1867283714672625,-0.931645056114934,0.6987927836543739,0.0899100599598963,0.1603762014580938,-0.984168848550568,-1.4354949931848524,0.1538116236858087,-0.5475970978216879,1.38034214581898,-1.5129546506327138,0.1899229608617198,-0.1290443331060572,0.0263704372658376,-0.2560604168843808,-0.1200469419357861,-0.0010803569445107,-0.0029883362671897,0.000460558727719,0.0028067204151409,0.0028459600315108,0.0018748168974931,-0.0009091573031091,-0.0018561623185869,0.0022605116519675,-0.0006507645034857,7.529282526894263e-05,-0.0004925061313616,-0.0012017712527796,-0.0016696376141244,-0.0017870368725917,0.001496528270544,-0.001892863219742,-0.0038361093500319,0.002036747887683,0.0012864874743413,2.290686164256455e-05,-0.0016533518296509,0.0025950997138279,-0.0006174978586403,-0.0009901803515809,-0.0004836497137354,-0.0001765971610247,0.0010601928584031,0.000322305981127,-0.000633258373721
-14.524550633772574,-0.1329732467397477,2.9324472756872493,1.6052050043600383,-1.0914125375104036,2.748014301537025,-0.9710693457617444,-1.8306217007523884,0.743516395445327,-2.434782823354442,-1.1566307680329235,1.868204541023726,-1.941052997025163,-1.33883214760128,-1.5800463187858176,-0.4281172154014849,-0.1444128176705785,-0.3158648716802528,-1.7318616987237494,-0.3461796636311262,-0.0003007842484625,0.0004279884298918,-0.0021356028607895,0.0002451725058257,-0.0013285264850682,0.0013178398470715,-0.0003618429385366,-0.0014251781301328,-0.0008357832162049,-0.0001482910143105,-0.0006305618618648,-0.0001550849055905,-0.001534326432684,-0.0004356110961864,0.0014211520928839,0.0002161719456978,-0.0001020075612564,0.0003751728071069,-0.0005308173419907,-3.3544565100762465e-05,-0.0014839132578789,0.0011322823962844,-0.0004136003189759,0.0010287433340303,0.0012352982134384,-0.0004644598355414,0.0003628985406308,-0.0004132741963758,0.0017352530153646,-3.143308734718759e-05
-8.688777054130597,5.047489408431656,2.581672234965772,-1.0939612146895394,-0.4596811916825847,-0.3472306535097896,2.558185734601414,-1.8363148247188936,2.346927024133924,0.70943064338816,-3.780124129777278,-0.597716977306509,0.197959683810579,-2.58326947435124,-1.7177337489709672,-0.9982432800106992,1.0376187029489128,2.0126698224476502,-1.4433359715711962,-0.3060067749081299,0.0018082643926134,-0.0004848959515875,0.0005663642182395,0.0002739454863891,-0.0003691405535998,-0.0020253831145555,0.0010527087874309,0.0013559761111123,-3.5859367652370465e-05,0.0006541494132899,-0.0018687920184453,-0.0013479324743335,-0.0003212633556604,-0.0014086405220678,-0.0001084570004161,-0.0004400864463013,-0.0007004599798514,0.0008185842241851,0.0002171241844387,0.0003985120122309,2.909080057757382e-05,2.5339290752556823e-05,8.777125977620819e-06,-0.0005899131420513,0.0003622530999949,-0.0004804065330891,0.0002542372685098,0.0005693666125902,-3.3313214106225544e-05,0.000317215669247
8.777936410514279,1.40934362835266,5.380396667649482,-3.0590000775984025,2.373303703022242,-1.689200199364197,1.2284620989227135,-2.72085876248563,0.725574717188164,0.7794071411315169,-6.425275265239174,2.078206737859883,2.0491902472930947,2.1172498699219244,1.1090692037986785,-0.5057250453150298,0.6026201097974161,-0.3918928376465602,1.686148712272466,-2.2673689925884246,0.0004249128931965,-0.0012816502970789,0.0007348184905793,-0.0009843374040697,0.0017250755018031,0.0002918841783556,-0.0001581458219543,0.0008864488615401,-1.4779306750006293e-05,-0.000139840512573,-0.0002541977044154,-0.0002403873182003,0.0003517352996625,-0.0003361064905631,-0.0007989384925728,-0.0004672366913919,0.0002826451198714,-0.0011859549180757,-0.000169772770442,0.000832563957613,-9.281202640996092e-06,0.0001100034460396,-0.0008936443597935,0.0005880556949888,-0.0018803127805892,-0.0009037717440531,0.000514291181685,0.0003014532455263,-0.0003499968753806,-6.15308642211795e-05
-8.24135191221666,3.943177451798877,2.3444183737398188,0.3818507079101105,-0.8184765317339826,-0.5397062572996231,2.2654545241564543,-2.3167965735364717,2.0568829579153496,0.6960793426375843,-3.1067918277677253,0.4397720521805137,-1.3822818401643788,-0.9529303273466284,-0.7413923450527478,-0.7456429536242389,2.202668506775346,0.5703765672873808,-1.4693123312318992,-0.1197360685014782,0.0018717206723468,-0.0001349712842223,-0.0001632501701867,-0.0008395620475485,0.0011848558516421,-0.0008258668952726,0.0001741228297739,-0.0003465143959373,0.0004975713796613,5.593357710751044e-05,-0.0015404162190982,-0.0003764185142329,-0.0006919251111839,0.0003146712334948,0.0011958325574318,-2.150006590275133e-05,-0.0002036726812314,0.0008688405136947,0.0006937808116951,0.0006523800177107,0.0010724241637245,-0.0020887047015413,0.0005138729879168,0.0013722748539624,0.0004660162273369,-0.0006024877898618,0.0005630498445937,-0.0006939380510549,-0.0001747148357624,-0.0007495534441325
-8.931479322018033,4.713971001040112,1.3590418694715618,-0.2437456719466142,1.4791927388527093,-0.7421014460447959,0.7390484617015278,-1.5096744993602702,3.7365095032183615,0.1299937739627115,-4.850240646594502,-0.382762548291121,0.5481823891581602,-1.7272383383618717,-1.6584981912037684,-0.7466330721869349,0.1794785533547292,0.3428274454201049,-0.7101945317866478,-0.000208648841794,0.0006840569470319,-0.0007871259803697,-0.0008707846152215,0.0012037288560106,0.0008699902226046,0.0009110759301525,-0.0010108458250734,-0.0005200150043739,0.0005761577165341,-0.0001991040047364,-0.0002022672706646,-0.0004970669636884,-0.0014039389286536,-0.000827059425599,4.092846887765771e-06,0.0007364301336684,-0.0009559918725548,0.0001801418165345,0.0006725036335163,-0.0001388559093517,-0.0001627537456743,-0.0008762699219338,-0.0018928150705042,-0.0002020823887382,0.0011799253154286,-2.576744457503244e-05,-0.0001416081163572,-0.0001441582591544,0.0006116639859627,0.0006421184742148
-26.64129018008275,3.0962406571356964,-0.7547655726003876,2.247305610802885,0.3024436099469458,0.3025596294355093,0.8322368615863968,0.6974813199068807,-0.1945522705671826,-1.5809762852736882,0.0037106407557097,-0.624157752299031,0.5854843170332317,-0.6022889794541729,0.4034015357437363,-0.4894138696139068,0.422041045446861,0.3674275701983668,-0.1546376416638742,-0.8084656523031932,-0.0059442429353646,3.993550107013448e-05,-0.0016640566094921,0.0005732470033126,0.0010050150258521,-0.000169670539535,0.0020234072946393,-0.0038309985717137,-0.0018159104202853,-0.0051738487149065,-0.0008346165093671,0.0013962838136268,-0.0014608862270755,0.0014164848475477,-0.0023506911493046,0.0025312931613094,0.0007355250917195,-0.0004532876955076,0.0006782834604069,0.0001775810283959,0.0013243237061063,-0.0005002102432573,0.0002556812552964,0.0023520957086423,-0.0007434251120407,0.0016744011790541,-0.0012560213190288,0.0004084218023851,0.0016315744284599,0.0007226920098232
165.5709774433798,-22.536902672753204,-29.725899922663597,1.3358381740409266,-8.487066468121698,-8.521969821159155,10.848361091628623,0.930056854370443,2.5934203440023977,6.567600724047293,-6.41161429209632,2.532954900304832,-4.055041199347582,-7.142296804972282,-3.73970712993476,-4.82407541428727,3.1680846582907605,-3.913045843453172,1.6086494525100992,1.6139009610410393,-0.0074267140347803,-0.0013731953484971,0.0008133349123919,0.0001911221160351,-0.0012563326443664,0.0002175568631441,-3.596874580248353e-06,2.112777162282872e-05,-4.382289427592862e-05,-0.0005556586781149,0.0001096607951299,0.0005393649885664,0.000657120381497,-8.903019041361429e-05,0.000668688834982,0.0004420236063416,0.0003202760308514,-0.0002203634331905,-8.13485779974431e-06,0.0001976672697783,-0.0005424197674211,0.0004516647974646,0.000269251260169,0.0005029340336132,1.7137555697669184e-05,-0.0003568761226304,-0.0001587634978538,-6.33785747522002e-05,7.751147837080881e-05,8.297691791046118e-05
-25.56730607272556,2.054422547902383,-0.610854102247587,2.0143615578680003,0.1414530906843289,1.1173810157071984,1.6737293984001351,1.0395279030583362,-1.478599645872316,-0.5629221528760299,-0.7520295451915218,0.7338226357274978,1.5859468161059198,-0.712641536970209,-0.0338601493193805,-1.3855635971577616,0.5081537420974009,-0.2831920747459374,-0.0509070335477017,0.3946779573767566,-0.0001784827903658,0.0006185828277755,-0.0021417092920472,0.0034892989471726,-0.0016440021409941,-0.0025172530997674,0.0023312241944194,0.0076565413411969,0.0013055791481582,-0.0006018697539313,-0.0034407659493261,0.0059814072938822,-0.000547115169254,0.0009012258468167,0.0030352146696498,0.0028490304726957,-0.0020311742386859,0.0012633412024624,-0.001845415041709,0.0015615362217818,-0.0010573148558851,0.001492361406005,0.0008246043268918,0.0001796959471794,0.0019047332656121,0.0013400036917386,-0.0014229085220801,-0.0011536492816691,-5.603928896998704e-05,0.0006669570272301
-24.560203476105656,3.947305477806069,-0.0066610176194254,2.407700523749788,-0.2473182256406183,0.1625724653967628,1.337032964716195,0.2115895702125678,0.8307299468966237,1.3020097598861369,-0.35330250018381,-0.6425375888427729,1.6284683956940524,-0.8984767958202993,-2.1972839358776675,-0.231978748602459,-0.5960181676856237,-1.4190357389805008,1.6645516497728623,0.9310962730629888,0.0033424378351541,0.0065256825453532,0.0026696093847827,0.0043677011988697,-0.0007314316200549,-0.0019052345700735,0.001253402201536,0.0010117113063142,-0.001444560070395,0.0018930392646184,0.0037769135420162,0.0005198303112739,-0.001655748385328,-0.0030826170718405,-0.0018239515865628,-0.0008696578966603,0.001347543373503,-0.0015809414482263,-0.001116997855392,0.0002380284986506,0.002496401570311,0.0015919307554889,0.001726928101462,-2.6257534534501995e-05,0.0005890595245312,-4.146756841830157e-05,-0.0036417109184271,0.0026686044261423,0.0001519856629149,-0.0015671305900709
-18.022014379517717,1.8320801835730092,-0.3020810160790986,0.1197924084769472,-0.2226280560809052,-0.0335867783100726,1.419552268160044,-0.8208270091256504,0.0466188166485208,-1.407133356428989,0.9447241418379484,-0.409844716889062,0.441662005477587,1.652026593810438,-0.5150400107273424,0.5439753343953586,-0.2396655527492748,-0.5068819252926225,0.6897650560166019,-0.2569089212604474,-0.0029783604318912,-0.0008202325008916,0.0010173921647205,-0.0045701922851318,-0.0031152221150362,-0.0015339362088642,0.0003623819751638,0.0001863121562054,0.0003712009495959,0.0002253192414469,0.0003102013314383,0.0001591298427515,0.001848360842732,0.0004730461407485,-0.0001842601554424,0.0003431286746734,-0.0001350722845262,-0.000234292822891,0.0003777643507969,-0.0005673166087808,6.581667862671142e-05,-0.0002515703746045,-0.0003703489343893,0.0006904114052371,-0.0009488284834562,-0.0002084687025682,-0.0008133906895639,0.001521859257826,-0.0003164491857543,0.0002883764454876
-8.371640834985323,0.3274044530132574,2.2403243148290017,0.3940461169792001,-0.211662365589434,1.5905331790145,-1.5673378402490974,-4.335505572992145,1.3838081781627147,-0.4160019627925039,0.4436425092400697,0.1237687833854705,-0.9868583367870052,2.779470536651925,0.588599435720332,-1.0190037104682246,2.1997659699903407,0.3445486726537682,-0.7610656904120211,-0.2307816621853146,0.0007514092253419,-0.0012028898966874,-0.0019628288903468,-0.0008534179241378,0.0006568604842463,0.0002587015031267,0.0017255705976287,-1.4243959735759095e-05,-0.0017283635134223,-9.105618216788004e-05,-0.0009761432795264,-0.0006792488021239,-0.0017020063143729,-0.0003738502951469,-0.0021802860867235,0.0014987319559365,-0.0007089920332753,-0.0005243645008449,-0.0008410764108951,-0.0018419227548582,0.0001519587744902,0.0010095605965398,0.0015122860028313,0.000425440151767,0.0005677500692042,-8.642453124538751e-05,0.0011361497645853,0.0019982529469184,0.0003076070924767,0.000163997704325
-12.35878270234174,0.0224117111516998,-5.511724366656624,8.184676210672853,0.3893107463484889,0.3522586377414348,1.4429621220262605,-5.294311825507988,1.238035688753943,-2.6247827522468183,1.377741173044299,-1.5427249874103075,0.1905241628388204,0.704459920427456,0.5828160312501134,-0.8954024382341195,-0.1443756957599691,-0.2368596129133942,-0.0155266651268182,-0.3321655912870558,0.0022880339834205,-0.00126956165871,0.0004057621008855,0.0002636219632757,0.0017436346355269,9.384924583038134e-05,0.0002205740702517,-0.0006873271323531,-0.0011502710067541,-0.0001241032508134,-0.0002355130550961,-0.0013120732194442,4.912591126261843e-05,-0.0003375675250799,0.0006939940815184,0.002792579458148,8.964502979762465e-05,0.0003260427250671,0.0007166861339361,0.0011742801239096,0.0005449733094675,0.0010208441012139,0.0006265706768291,0.0006373934554019,-0.0008690787661621,0.0005070647601206,-0.0001396465615811,0.0030528840921887,0.0008302009466195,0.0010604637149471
-24.058447927866524,2.5351502083806583,-1.041537024727177,0.7877162667420292,-0.1190816738424683,-0.4417993511628449,1.669967489140841,-0.5521668440638793,0.6223071563041338,-1.1782191222756926,-0.7888202000074964,-0.6565596112038009,0.2370632427446276,-0.8185377869171703,0.3644950202098801,-1.1757137927616106,0.9254847511399696,-0.3452552036266678,0.7592959198088443,0.0683395574952851,-0.0038568659458124,-0.0018084229990338,0.0001408157951891,0.0012818028387787,0.0017835406415543,-0.0019714943993771,0.0009391391178741,0.0004624352299706,-0.0010951562130229,0.0019796476501495,0.0015169250392446,0.0014662749376762,-0.0020543348246135,0.0010957974734254,-0.0009218009556885,0.0021908338037339,-0.0010871586616259,0.0009561240236564,0.00182618811877,-0.0025074680183586,-0.0008006073685871,-0.002734738856875,-0.0015621418755741,-0.0009417251149143,-0.000725155561382,-0.0010528943787226,0.0024921309265378,-0.0020785612782688,-0.0015566654004412,-0.0006040483350043
9.53851575468144,-3.052186885948167,1.6105448055329306,-4.719399811615121,7.836634047415166,3.023301449214969,1.766614389079878,-4.20112337923334,-3.752096699430079,1.5548053543118852,4.603216567421236,-0.6079765984674703,-2.336043589260884,-1.2323429185545027,0.7069223389159704,0.9183708044441976,0.6199702485889855,-0.6272977249960692,0.2859692397157307,0.3003641550375001,-0.0003919843319478,-0.0011210991682834,-0.000591599552295,-0.0004513168897702,-5.278749382712781e-05,-0.0010423377416171,2.3749115711961364e-05,0.0001328942307708,-0.0001933735476692,-0.0001842331666144,0.0002652356392329,-5.236126749107917e-05,-0.0005971318136966,-0.0003006905852764,0.0003175527454629,-0.0002515666298612,-0.0010520864999802,0.0003435291292666,0.0002866443459788,-0.0008832628747643,-0.0010758211435858,-0.0003701213025259,0.0009736015404594,5.837965261661788e-05,-0.0008367542664631,-0.0006234916113905,-2.254695042032887e-05,-0.0005999642462885,0.001549005222995,0.0006708632830562
-5.832109861389895,3.3648802387910237,0.1033446708970423,-1.7227255927114675,0.1741974734864611,-2.929951559023205,-3.877246432125144,0.7635089127501363,0.3962663236535181,-1.4736757072896485,-2.079108893746839,2.165193727891401,-0.3804830910964548,0.2552464347809187,-2.81665087817726,-1.2271617240171344,-1.8054135398302773,-0.2489805794151363,-1.986236653934396,-0.0400787191997502,-0.0016081874001081,0.0003957240519459,0.0003069875562749,-6.852628565794793e-06,0.002661089160172,0.0006877115899395,0.0008872418413369,0.0004923088789188,-0.0004346687393389,0.000292061609414,-0.001387006354475,-0.0003296169592463,0.0007937644198618,-0.0002642538522543,-0.0009876076921176,-0.0004056082623851,-0.0010488656504667,-9.619690309238454e-05,-0.0002236924204383,0.0010145592712344,0.0012979926848928,0.0002895016898021,0.0008668633823688,9.89602838091883e-05,-0.000199540168819,3.4366120819039455e-05,0.0010305985937588,-0.0002430324860218,0.0007044425369013,0.0015719061535227
22.533586129664837,-13.618264003809134,-42.58973934422767,4.502101147732808,48.881475588292574,-9.451052072702158,-21.890103595874447,12.81875948262966,-1.1272361920922804,-3.479148959273648,0.602842197444136,3.943408781179304,1.6676236831709754,0.0833597418038122,-1.0246043208251787,-2.4251550875054044,-2.1499483319743167,2.541279983389808,1.890846752867765,1.6219412266165447,0.0010215775146578,0.0009916935513479,-0.0005496954789815,-7.581434388100297e-06,-0.0018786595113561,9.681262265963266e-06,-0.000798263016338,0.0001357751756213,-0.0007471426324814,0.0003653281373268,-0.0009668710608135,-0.0001709657593529,-0.0003047767979542,-0.0007841374022302,-0.0003998548189544,0.000189284510042,-0.0003463285383082,0.0001626986033813,-0.0001528721763166,0.0008598836986663,0.0008983738941632,-0.0001937056705783,-0.0005793479096407,0.0001419363696814,-0.0006059068966886,-0.0001136767985897,0.0004471378043903,0.0006055231887821,-0.0001574013312817,0.0008027817557757
-23.75870478488297,5.067329120623947,-2.208368896921608,0.2017906276083647,-4.996797619747062,0.3432571122492569,1.8540627185135696,2.0610593168024023,-1.2589596361979865,-0.5212755841655767,-0.9395626748482316,1.0182808445029032,0.9584836092579964,-1.264453505262886,-0.4180252087904078,-0.8029202739218876,-0.7354960103691647,0.1635049475699274,1.071864804023234,0.0157253883790392,0.0174685171720382,0.0011630026655112,0.0015225214994289,-0.0042249752940213,-0.0044642116251277,-0.00073747131772,-0.0024666405033156,-0.0020950180969814,0.0019861520636841,0.000695776319584,-0.0005970789612492,-0.001003393795624,-0.0025514416371311,-0.002176798937947,-0.0006064121810796,-0.0015432342934928,-0.0019972317642503,0.0019126500749719,0.0011336010619132,-1.044223406057308e-05,0.0017723328183545,0.0011347685539442,0.0019233507053668,-0.002076496773814,0.0014973872411241,-0.0011841863542283,0.001779166141046,0.0019875835080719,-0.0004357996623788,-6.423174975647082e-05
-6.710716934044363,3.710952311877565,5.286461277377001,-3.169610361466178,-4.881153689774364,-1.6974873618236397,-1.1700599232112143,-1.575891284098305,0.3594636895085184,-0.5428093609632977,-0.3151639992357881,1.356285131470362,-2.129026432033156,1.054352294218008,0.0307851402332918,0.6686337085192237,-0.609724161205197,0.593521647103131,1.3416120596127925,-0.0548352999673328,0.0013593773383362,-0.0008990018201081,-0.0011103093747727,0.0005179137101016,-0.0010083032915258,0.0014924141766618,-0.0016188937817727,-0.0002263978020404,0.0016487469177244,0.0023138572556276,0.0003303790125278,0.0008266631197604,0.0002333194716763,0.000221761124957,-0.000220828350727,0.0001111651447027,0.0004057982727877,0.0015304707279773,-0.0012212143387315,0.0001352673939785,0.00061913985857,-0.0001245095480579,-0.001769030392601,-8.623302652519576e-06,0.0002350467908774,0.0001269662686015,-0.0017901095645347,0.0008008443788884,0.0015342665485261,0.0003551924730357
-0.0866893731759609,2.376604412790559,1.145271523385183,-2.7335065110466736,-0.7979022506109987,6.297263671136455,-4.90736859497341,-0.8687329332682,1.1820499522970604,1.7046557812604652,-2.973680101671855,-3.1619170807200145,-1.2796464916485746,-0.7983529532141378,1.908990360465871,-3.3542678761698985,-1.6678978141354044,-2.078648448138096,-0.9289589674106687,-0.2042384105159032,0.0011944381169644,-0.000265287403078,0.001194124690979,6.636518472160076e-05,-0.0019879952297721,-0.00014799273847,-0.0005948388270212,-0.0008387677329015,0.0014075912223562,-8.273961510129509e-05,-0.0013900367483931,0.0009032749327687,-0.0004889008015284,-0.0003009593529441,0.0003227529407159,-0.0016201313078653,0.0002840838692993,-0.0002906178324159,-0.0001480602894394,-0.0008783858856329,-0.0008954231683884,-0.000102154583029,2.254855981712998e-05,-0.0008965537007744,0.0007061652947084,0.0001366650363194,0.0012816697627517,0.0002957201509755,-0.0015392754015758,-0.0002716870152822
-8.987547948422447,0.9467795891701896,2.4287955888000456,-2.8727791265656726,-0.7739771872097202,0.838848862538774,0.7568162695703391,2.929439171321022,-2.323011833445185,-2.239574753611966,0.3015998852699971,-0.6046565479997624,1.4870729000730574,0.1714045158421491,-1.177067345488633,-1.9432484217126664,1.4255352134732464,0.5398173990101596,-1.639839832314775,0.6514523629546737,-0.0002027692920134,-0.0022499244918557,-0.0004574152100863,0.0003272760802382,-0.00047707213921,-0.0003551621962897,-0.0017159752129313,-0.0012559430559308,-0.0009085477754229,-0.0004489915593482,-0.0008190648596038,0.0004625694055116,-0.0006136382025473,0.0002508397893603,-0.0001745412797597,-0.0020765147831874,0.0009829770193758,-0.0004744192023818,-0.0015157707073119,0.0013039048182288,-0.0012270273994133,0.0008856236981109,0.0003821765619107,-0.0003850810343912,0.0007808676535563,0.0020617877568506,-0.0001268032578394,-0.0003059834375861,-0.0007411159965345,0.0020375354453224
-14.303359899875735,1.0689401820925213,-0.6955715965996843,-0.9047568167365804,-3.360382156000488,-0.8203383817468323,0.7478227608656106,0.8917069311000693,1.881218825167839,-0.1885782350459218,-0.2531185136691645,2.330221246424287,0.8845100651666415,1.3920945883504336,0.3444294973027552,-0.1080164257720698,1.1479634086723838,0.549651235035785,-0.0877386167762002,1.2462954093333285,-0.001763895072541,-0.0019311861695892,-0.0005367721390125,0.0003327763627522,-0.0004401011283868,0.0007375525878619,-0.0008153457775249,0.0008374483771803,0.000487027078721,0.0016266476268336,0.0007564122976282,0.0003921560141287,-0.0005814523289193,0.0004051741504703,-0.0009685329958964,0.0003377235406102,-0.0008497841484678,-0.0013861918474986,0.0016444230658737,0.0014539559908584,-0.0025973444098966,-2.103692781674779e-05,0.0006843071940209,-0.0005687474624982,-3.942280223917694e-05,0.000486114021246,0.0006631916293687,-0.0001251203273048,-0.0001674709265982,-0.0005017653107046
-11.093964688799444,1.3590050296201015,-0.9373985075026,0.6362091025428496,-3.083524191651991,-2.162701116531052,1.1872696634565272,0.6511391850440877,1.5593959688806909,-0.7923697421219615,1.1458949863154564,1.8404609415309388,-1.503424337604707,-0.8702068461564446,-0.6810365008018465,-0.4525436682645529,1.4922039207226574,1.9208319492998167,0.4218274912772598,0.6204598175806992,0.0006690136990575,-0.0021311940683689,-0.0010531553497371,0.0011240888482152,-0.0016372477092787,8.863506213484356e-05,-0.0030112597181849,-0.0008546186498527,-0.0009152553018253,-0.0004334175606986,-0.0012679366957089,0.000709719969587,-0.001800022789851,0.0004707154869445,-0.0015451614181235,0.0025452927137085,0.0001853623711034,0.0013422903895657,0.0006294314829677,0.0005747147016017,-0.0003508662418393,-0.001041672693706,0.0004516358263129,-0.000365593432154,-0.0001409807169943,-0.0001597395095049,-0.0012845135647048,-0.000289589054092,-0.0005348650582945,0.0004160091865118
-7.804372782244541,3.783530376149303,-3.1997110279926675,1.7784758923418529,-1.49084125060644,-0.5616515943268348,3.99391719654381,-1.0876744793803184,-0.3133375902266612,2.809127694064335,-2.6115517197381,1.2196191985908666,0.9837482181195284,0.4337684662466379,1.2010395097851874,-0.3465146064819911,-0.5476213253041746,-0.5283131209002783,-0.6280842750356438,1.70951312734582,0.0022654212262109,-0.0029278917164034,0.0004187238352083,5.254463049630841e-05,-0.0003400614091072,0.0007803575685515,0.0010104920465714,0.0003785881151582,-0.0002044516012926,-0.00070908059406,0.0009466457718912,0.000215963845672,-0.0016980341987793,-0.000399389680474,0.0002528839753363,0.0013782493340993,-0.0018043237561786,-0.0002695979709863,-0.0009610161654713,-0.000753203189455,-2.467747424457802e-05,0.0006988741949021,0.0003820392568036,-9.789144860672585e-06,0.0011478526157314,-9.490440705844664e-05,2.846322548678759e-05,0.0006993829808341,0.000360465373823,-0.0003200597044917
170.5624557199994,-25.703938650393024,-11.994342182405877,-27.56607886369624,11.366471686037432,-6.720043272916804,13.950187728801197,-4.32703652762882,-1.6954999048440742,-4.669821229299681,-5.513676193635874,-0.741061225373308,1.9645876038063748,0.7655569831597236,1.7418648001911674,2.207138228300828,-0.2596891326283935,-3.7162230643634553,-0.4628382495779741,-2.834157420633022,0.0061692126966869,0.001760341152878,-4.7481655244001725e-05,5.233805360632414e-05,3.0891225409388216e-05,0.0001506945208213,-0.0003091141839442,0.0002522417061067,-0.0005784727989038,-0.0003272859790981,-0.0003910904505295,3.380128046740438e-05,8.191866378681718e-05,0.0004183759712751,-0.0012661362326493,-8.622028622409467e-06,-0.0008525938444567,-4.145763820446218e-05,0.000300499998287,0.0006212231156593,-0.0006398511388498,-0.0001297107156444,8.602697678210002e-05,-0.0001530500772577,-6.276002182283242e-05,0.0004434820837853,0.0008002490154138,-0.0002242488166364,-0.0003424762905492,-0.0001590485606644
-14.303359899875735,1.0689401820925213,-0.6955715965996846,-0.9047568167365804,-3.360382156000488,-0.8203383817468328,0.747822760865611,0.8917069311000689,1.881218825167839,-0.1885782350459221,-0.2531185136691645,2.3302212464242857,0.8845100651666421,1.3920945883504343,0.3444294973027554,-0.1080164257720697,1.1479634086723838,0.5496512350357847,-0.0877386167762002,1.2462954093333287,-0.001763895072541,-0.0019311861695892,-0.0005367721390125,0.0003327763627522,-0.0004401011283868,0.0007375525878619,-0.0008153457775249,0.0008374483771803,0.000487027078721,0.0016266476268336,0.0007564122976282,0.0003921560141287,-0.0005814523289193,0.0004051741504703,-0.0009685329958964,0.0003377235406102,-0.0008497841484678,-0.0013861918474986,0.0016444230658737,0.0014539559908584,-0.0025973444098966,-2.10369278167478e-05,0.0006843071940209,-0.0005687474624982,-3.942280223917697e-05,0.000486114021246,0.0006631916293687,-0.0001251203273048,-0.0001674709265982,-0.0005017653107046
-25.096890676662344,3.6682062310143855,0.0290215639164574,1.1589044115878817,0.0833086660102877,-0.1626797200367662,0.1889431455025288,-2.137079640056741,-1.051338140765442,-0.0747020489929018,0.1091033767368703,-0.4654276332944734,-0.1995460992501951,-0.1031441897154293,0.248983676059061,-0.6061982238158939,-0.9208934903437912,0.1645002939809342,0.2113637707530333,-0.4625416104152689,-0.0010368468610923,-0.0036615293794676,-0.0031116015134937,0.0002676884865232,0.0010213164270005,-0.0001082403524107,-0.0013416558877707,-0.0026210503560613,0.003257649673094,0.0027404054571676,-0.0008868246965062,0.0029509291304357,-0.0020589358778832,-0.0026761979547491,0.0050045960174887,-0.0006674740261497,-0.0010227285506713,-0.0003987722697218,0.0054514169164357,0.0001605050450726,-0.0030044147954893,-0.0002831611954927,-0.0026450629483672,0.0012863429001743,0.0008769952800275,-0.0009894592481536,-0.0001977129913197,0.0010542550583693,0.0003044351971001,0.0001767764430746
-26.755186121792462,3.903667463429455,-0.014738571621114,1.8080000093803728,-0.1660081135747481,-0.3633010782831892,1.4667758726266915,0.5252655246260537,0.5886360086646263,-0.5836849858881636,-1.5021354990216569,-0.7155669399661776,0.0855232159703877,1.3767657850569597,-0.4554489638196583,-0.0816096479642601,0.0756319590001602,0.3203190268484966,-0.1720335488722887,-0.4731159048746249,-0.0018058851098034,-4.3111027805591645e-05,-0.0020409443376294,-0.0029583379495737,0.0018569771252596,0.0059568869729361,-0.0012275249510652,0.001161623296418,-0.0041314401621398,0.0074566096400907,-0.0019073355697543,0.0016057614990147,0.0042296489172514,0.001187455521547,0.0029328075259315,-0.0015297784219709,0.0051050405758884,0.0020545366231637,0.0019450645114268,0.0018480809019578,-0.0012922607241109,-0.0020837166592426,-0.0006113501869554,0.0017083426688919,0.0009362672497568,0.0025912121187474,0.0010606276568261,0.0017353494198647,0.0004175091026223,-0.002292948542987
-24.61690086351856,3.642899950825172,0.2933634290583927,2.155277960833139,0.0598644277852089,0.4955216122204169,2.624667528609668,1.0691046584159114,0.4573340428560633,1.7886135033041646,-0.0644438367807763,0.1619076396918922,0.8429370915761806,-0.1145997395608632,-1.9063038457009045,-0.3799473547967037,0.5564050203074399,-0.325718498655396,1.072575811164146,0.6374064052109285,0.0061505461259374,0.0007420200869394,-0.0006288926134918,0.0017453137727306,0.0007899894178059,-0.0041996344695739,0.0001436977130387,-0.0045460988073551,0.0004235686704527,0.0006783423354509,0.0033000442461103,0.0015225425484904,-0.0009924774694529,0.0053576293601877,-0.0009792497506625,0.0025535588118547,0.0013001112141322,0.0004890176593631,0.0016515691042167,0.0002698154204019,0.0006211969703761,5.698920200244044e-05,0.0025501019706658,-0.0009099321555631,-0.0017474586831213,0.0021657567434883,0.0003924503870906,0.0010446853529063,0.0001495751077117,0.0002079009510884
49.093293914689625,-5.886699866441935,2.644110920230632,-9.193107502957591,7.91229855971577,6.708091904274864,-3.456612719577758,-3.1623961215803487,-3.906996944782947,0.7689068454306138,1.0831799913095672,1.6065515752412711,-5.076350461321579,-0.8756617245159013,2.735218581613992,1.943867084526263,2.8070772370370087,0.1720348518969942,0.9119347175741348,-0.2320832845498682,-0.0005019636524396,-0.0002152176527733,0.0005827298553092,0.0007365310765042,0.0006654391991456,-0.0005439151278389,-6.214015536729437e-06,-0.0005842029447674,0.0006243298586948,0.0011102061710269,7.927515397223069e-05,0.000531685714462,-6.544737817932816e-05,0.0005465849705102,0.0005922314000815,-0.0005608857579046,0.0001118226413041,-0.0014633390306165,0.0005985054673521,-0.0007996652819107,-0.0004596692225693,3.3140425956623703e-05,-0.0003359632112965,0.0012783648673203,-9.67274739436296e-05,0.0006677410605089,0.0009823355715149,-3.119096910156792e-05,3.61806264427461e-05,-0.000415816922483
-9.41231301044921,-0.5552012702117496,-1.997068952010926,0.7912277854738342,-0.6150774387185972,-0.0141785002792416,1.6962181923634323,3.035827217306464,-0.6082940368755712,-0.1402371916302772,0.3437393291560237,-1.4585930777427054,1.513667726589093,1.4816060863206255,-0.6222471085227259,0.2173680078070822,-1.1654973593606333,0.398126464697,-0.1571517463567173,1.1218921913008946,-0.0023595631327126,-0.0009669639644186,0.000384043297885,-0.0010621510367808,-0.0006192422340806,0.00059757445244,0.0006953576379254,0.0002883509071291,0.0008557273518583,0.0017499629643222,-0.0013035082365041,0.0007285556635897,0.0003337393398861,0.0007183936600377,9.664247627396975e-05,-0.0022183226621927,0.00116296480048,0.0004131371082063,0.0009233604090254,-0.0022256014954837,0.0008050154605797,0.0017944632199996,0.0002145193416319,-4.78514064370835e-05,0.0002081950320723,-0.0004423945901193,0.0018734191591254,-0.0012233254920298,-0.0012355986901736,0.000291172602799
3.9299321744910185,-4.257722123834284,0.6048909038815212,-2.106831406400682,-1.0575753936152847,1.1463605078788797,1.25096265137286,1.4020816150612307,2.138692719015745,0.523729642158009,0.7498945625383919,-2.2112780431717294,-1.1846686364652934,1.1542413705574142,-0.886966425572903,-2.634626237624631,-1.399748296197132,2.1627892383007703,0.4187251742687565,0.7836224615934251,-0.0019341598837239,0.00010509047343,-0.0015413414491733,-0.0010156361309758,0.0006424957083235,0.0010364690434036,0.000660412382489,0.0016434640660322,0.0014618485077563,0.0014495644391821,0.0005825143029149,-0.000487678530315,0.0003569576835179,0.0010152024171439,-0.0002801337084715,-7.316878281853016e-05,-0.0002201987546554,-0.0004355190203663,-6.817292292157232e-05,-0.0009949669840526,-7.969102769990513e-05,-0.0011271701545919,0.0003337056308331,-0.00079215240277,-0.0001365090530185,0.0012246444851824,-0.0015017463208741,0.0014376774683919,0.0004642171792192,-0.0005187425134158
3.792899493064017,-2.0009596784364283,-0.7761643309688288,0.1168643632381807,-1.4839719676969954,0.7593191060137132,-2.7105779008256183,2.303015904665793,-0.4331449325218112,-0.0802564993280517,1.5645137387764627,-1.638691451170159,0.8445363304036847,-1.9481034465286853,1.3253281367081298,0.3508957297576673,0.9957413012497004,-0.3416617790462712,-0.1124145838455057,0.6929309101757505,0.0006973710364654,0.000881118672783,-0.0003437577644479,-0.0004231165584061,0.000500620620903,0.0005305763140981,0.0001829533956427,-0.0012350597899678,-0.001272608892877,-0.0006314851369215,0.0011470790686042,-0.0001015294470265,0.0012259261956268,-0.0003709961846461,-1.6218727473214287e-05,0.0002952747300304,-4.215223144130022e-05,0.0005812801627549,1.0543665617488944e-05,-1.911884751611384e-06,0.0001296237923657,0.0004850292662253,-0.0009451268335325,0.0019130033190392,0.0003875689493182,0.0001869128675659,0.0003940200549908,0.0010279558561196,0.0008587516753399,0.000150069894705
-6.195509463499541,-2.322079441297584,-1.6294788307073744,-0.2371527551778355,0.2716204592369132,-1.577049342324445,3.966023015066227,-1.0864901304319852,3.0501478244751747,2.069186998514404,1.1010800484040932,-1.9510986771524157,2.0325836473516867,-3.5323982393537445,1.2688067035046269,1.9316848163051552,-1.232408209871423,0.1753629594679356,1.4591579855959014,1.923620232878426,-0.0025240785373195,0.0007032463497551,-0.0006270072444513,-0.0009972261194294,-0.0015787009289572,0.0003059266153696,-0.000124306908696,-0.0002881202100997,-0.0002601953002278,-0.0001165766318505,0.0001856145475374,-0.0016600036985797,-0.0007907633836163,-7.214937599562994e-05,0.001731307029793,-0.0006880076185705,0.0010072722654296,-0.000158709426281,-0.0012455513585337,-7.280543366589653e-05,0.0010260305835896,0.0004279339136681,-0.0011111411120596,-0.0008652221879766,-0.0011819980568568,0.0001440130215413,0.0015054169327683,-0.000141041459349,-0.0006950336988671,0.000597245032916
7.192268315053942,-4.42002315178178,-0.2989432268050634,4.288794830087818,-2.63438032832888,-2.7656145083089703,0.3989194281763815,-5.023197615213266,-0.4619977646124259,-1.0974352325373575,1.0861070946007916,2.986944655008203,-0.4577766333733186,0.0621204046713172,-0.5620806871357663,1.714249224647482,0.6818951956003402,0.9939771757721656,0.1476035989178303,0.3267871194536264,-0.0003901997416253,1.8273862595872775e-05,0.0001221125445906,-0.0009334578234507,-0.0002419971868543,0.0009853389006686,0.0007425406724312,-0.001322748207958,0.0004749348844856,1.207284842515467e-05,-0.0006897968297608,-0.0008142236129203,0.0001737823584245,0.001380823207471,0.000496204086734,0.0001032585702144,-0.0003485564897859,0.0001666252054303,-0.0001151952393184,-0.0002192026000986,-0.0002752414207828,-0.0003531726907823,-0.000277420661176,0.000310310792534,-0.0001626116057366,0.0012057231907173,0.0005822822071794,-0.0010166557437653,6.917594616255676e-05,0.0003420451377635
-4.649997587659311,1.946119441616863,-2.0182794707937566,4.268420815209997,-0.1930890879684672,-2.728810041393277,2.9681635664644173,-0.5567308219925055,-1.3804201871889452,0.8484315044114938,-1.1303621049790948,0.0338395924951612,0.5766516848338817,-2.228860336760183,0.8319731385344147,-0.7718395393226917,-1.274963872978287,2.2688548654165777,1.51777181346962,0.2114394762297199,0.0012957232940756,-0.0007101808628683,0.0007333726819783,0.0013191062346546,0.0002955235985313,-0.0004509239686558,0.0002989611020909,0.0013997231407733,0.001531030523574,0.000189344743156,6.124886441995987e-05,0.0022441714344684,-9.32761855012928e-05,0.0004898183145898,0.0005703908082861,8.689363104715219e-05,-0.0001754881658402,-0.0002514704371619,-0.000670924275248,-0.0013025501400513,0.0007089318086133,-0.0015453006322674,-0.0007405297826054,0.001391458496379,0.0023963046876978,0.000961578496732,-0.0007332043238296,-0.0013271862654551,-0.0002432512758545,-0.0012157535291967
-4.591359532849665,1.7481316674475773,-1.9634336658439189,4.490378574164749,-0.120407833739358,-2.919870066768284,3.1043785392060994,-0.7774650407622888,-1.6742264325896092,0.5085904380958489,-1.4281072104865484,0.3717133724731399,0.739550529585481,-2.2864339578145643,1.206673587759119,-0.5901114421523304,-1.3001070024216352,2.581165431937426,1.0148638445794973,0.2212690916376989,0.0012806443339944,-0.0007710843606822,0.0007546428328681,0.0011863760601739,0.0002549496958101,-0.0003085973481735,0.0002611355793006,0.0013384978120566,0.0015225044873804,0.0002506891955282,-4.4388505407953846e-05,0.0021331025473938,-0.0001654931307074,0.0005410486521043,0.000517254908157,5.946014310434439e-05,-0.0003384346322659,-0.0002205943501571,-0.0005285421432285,-0.0012472251461971,0.0008767882471524,-0.0014725374356855,-0.0004507480710887,0.0013938264233514,0.0023550623173616,0.0010297332248119,-0.0007261855513939,-0.0012666440877527,-0.0002640075633912,-0.0011273050605146
-17.732002899389805,1.2065234958506343,-1.007086309073623,3.605664367477836,0.1494451728840464,-0.3516121717545259,1.4988154828415825,1.5443403969605756,0.3858251484753726,0.2288435052974059,1.0437759149463874,-0.8218462432515953,-0.6904651531915499,0.7533161636623763,1.1470968956932417,-0.2874389852341195,-0.5447925832591299,0.4357784603619508,0.3519280419986876,-0.4695955230947109,-0.0010939683405802,-0.0026699816880936,0.0003320473639508,-0.0001106705187446,7.767173054687394e-05,0.0005999246760991,0.0005899685438098,0.0003942717619935,-4.759266044701608e-05,0.0006501946829719,-0.0004030249683189,-0.000146645051272,-0.0003465555034452,-0.0010433214835288,0.0015306670745368,0.0006989294378062,-0.0023981965162582,0.0016838495130329,0.0006380917322401,-0.0010163509567299,-0.000346076361928,0.0029997931244023,0.0019147829097146,6.730161003333443e-05,-0.000972988248251,0.0002530967004238,-0.0014571289211443,-0.0032466973784907,-0.0001139536321757,0.0004992959296646
2.003246411856881,-6.891017328734571,11.466124639262471,-5.10815870778213,-0.5659786733986284,5.711543698781526,1.6782758689126809,-0.2002239906578372,-3.1421726278128164,-2.538910915885016,-0.957851744170938,0.3595595945650174,1.2131350457074217,-1.6554549915319212,0.017993201113712,-0.4949912495434233,0.1874358708870032,-0.0832610553285855,-2.211818367166115,1.0154579131405448,-0.0009281767937463,0.000655103388798,-0.0016045776234473,0.001064588088672,-0.0011820060061608,0.0023276156104507,-0.0017549686820306,-0.0009026996143827,-0.0004451629427643,-0.0002471346903341,-0.0002657330472664,0.0008847924026211,0.0006053801128977,-0.0002255935209741,0.0001508778708868,-0.0008297350561643,-0.0010137496792763,-0.0011331242221353,-0.000434774575668,-0.000141724990571,-0.0001374938991786,0.0003903676818215,0.0006612654684199,0.0008725309191265,-0.0005506201808696,0.0003094944555649,0.0001818329384459,-0.0019101685758226,-3.887712399202695e-05,0.0012594246618969
-26.19762268578699,3.306877433693761,-0.3191695628622757,1.56633918496192,-0.224488321884143,0.0146003988012347,0.9515643681869552,-0.0119563691454472,-0.3445957168461596,-0.8058488371288567,0.7371399237002431,0.8532199992760324,0.0991320988550212,-0.7537518301362937,-0.3938055154066157,0.0263162504630569,-0.0110610345762549,-0.1233458216374204,0.0931369067325853,-0.7257558437250831,-0.0053103517296369,0.0086141613933433,-0.0008037677525162,-0.0036281691601036,0.0020755174474843,-0.0044694328448083,-0.00403669415569,0.0016114606269852,-0.0028307990624738,-0.0015871616978046,-0.0014404416177949,0.0006175347070799,-0.0004369201598731,0.0008436166600037,4.797710517704158e-05,0.0003545027388549,0.0013457803451406,-0.00025422949535,0.001138575672793,0.0017868875862199,0.0011697878116592,2.6458782273196327e-05,-0.0013392966867143,0.001025128403186,0.0001704901141231,0.0015519361682021,-0.0013539973424114,0.0001255685537338,-0.0003606557302896,-0.0001943095244351
-26.19762268578699,3.306877433693761,-0.3191695628622757,1.56633918496192,-0.224488321884143,0.0146003988012347,0.9515643681869552,-0.0119563691454472,-0.3445957168461596,-0.8058488371288567,0.7371399237002431,0.8532199992760324,0.0991320988550212,-0.7537518301362937,-0.3938055154066157,0.0263162504630569,-0.0110610345762549,-0.1233458216374204,0.0931369067325853,-0.7257558437250831,-0.0053103517296369,0.0086141613933433,-0.0008037677525162,-0.0036281691601036,0.0020755174474843,-0.0044694328448083,-0.00403669415569,0.0016114606269852,-0.0028307990624738,-0.0015871616978046,-0.0014404416177949,0.0006175347070799,-0.0004369201598731,0.0008436166600037,4.797710517704158e-05,0.0003545027388549,0.0013457803451406,-0.00025422949535,0.001138575672793,0.0017868875862199,0.0011697878116592,2.6458782273196327e-05,-0.0013392966867143,0.001025128403186,0.0001704901141231,0.0015519361682021,-0.0013539973424114,0.0001255685537338,-0.0003606557302896,-0.0001943095244351
